Course Code,Course Prefix,Course Number,Course Section,Season,Year,Course Name,Instructor,URL,Page,Link Index,Total Students,Grade A,Grade A-,Grade B+,Grade B,Grade B-,Grade C+,Grade C,Grade C-,Grade D,Grade F,Overall Mean,Overall StdDev,Overall Responses,StudyHours Mean,StudyHours StdDev,StudyHours Responses,Attendance Mean,Attendance StdDev,Attendance Responses,Valuable Comments,Improvement Comments,Credits,SBC,Prerequisites,Advisory
AAS102,AAS,102,01,Summer,2015,EASTERN RELIGIONS,Mary Diaz,https://classie-evals.stonybrook.edu/Section/details/AAS/102/01/LEC/1156/65497,1,0,8,3,0,1,0,2,2,0,0,0,0,,,,4.0,0.0,,4.0,0.0,,Definitely learned a lot!,"It would be helpful that if we have to buy a textbook, that if we use information found in the textbook we are not marked incorrect. I know Professor Diaz wants us to know specific things/interpretations, and she explains those in class, but for things I need more information on for it to sink in or for me to understand,  I don't want to be marked wrong if I pull information from the textbook.",3,,,
AAS102,AAS,102,01,Fall,2015,EASTERN RELIGIONS,Mary Diaz,https://classie-evals.stonybrook.edu/Section/details/AAS/102/01/LEC/1158/88222,1,1,44,2,8,4,10,9,6,0,1,1,3,,,,1.26,1.12,1.0,1.26,1.12,1.0,"Prof. Diaz gives you a review sheet for every exam that contains everything that you would need to know for the exam, her in-class (There was a out of class review session for the final) review sessions are most valuable because you can ask her questions that you don't know based on the review sheet she gives you. She's easy going and nice to talk to, if you need help, just ask for it, she'll make it easier for you. | Awesome teacher and very interesting material. 
Other than the improvements I wrote, I think this class was very pass-able and my knowledge on eastern religions has expanded greatly. Will remember most of this for personal interest even as a math major. | Being given a comprehensible translation of eastern religions and how their beliefs, and how they were influenced to think the way they do. | Gives you an introduction to the religions practiced in eastern religions | Professor was really nice and helpful when talking to her in person","Get a completely different professor to teach the course. Everything she said was a half answer with contradictory information. I learned nothing from this class. | Professor didn't know that much and wasn't very clear about what we needed to know. Her lectures were kind of rambly. | Professor talked way too fast, very hard to take notes and rarely wrote on board.
PowerPoint slides would be nice. | It would be nice to have a skeleton outline of what the lecture will be for the day. | If notes were posted on blackboard.
If there were slides during class.",3,,,
AAS102,AAS,102,01,Fall,2016,EASTERN RELIGIONS,Mary Diaz,https://classie-evals.stonybrook.edu/Section/details/AAS/102/01/LEC/1168/87997,1,2,54,5,12,11,7,5,5,5,2,0,1,,,,1.17,0.66,,1.17,0.66,,"I've always wanted to learn more about other religions from a neutral stand point, and while that is a practically impossible feat, learning in an educational setting gets pretty close, I'd say. Well, depending on the teacher, but I believe she did a decent job and trying to remain practical about what she teaches while also posing her own opinion - in a way to get the students to think for themselves, a bit. | There where a lot of great insights about the different religions. It was interesting and all the readings had meaning and where worth reading | I found that it was a relatively easy course if you take good notes and pay attention to every lecture and be present in class. | The way the teacher broke down the texts into simplified ideas was the most helpful | learning a lot about eastern religions.","This course could be extremely improved. The material is unclear and the tests and notes are run by what she says and writes on the board. When she writes on the board, it is just the spelling of a word. Her interpretation is usually the only acceptable one and if she believes that you read something off a textbook or online source, she will take off points. She trails off a lot during lecture and this class is one of my most tedious. I always feel lost and it is very disorganized. The test questions are extremely specific to things she only mentioned once. | I think it's hard  as a visual learner to  follow the lecture without many visual cues and only listening to professor's voice. Power point slides may be helpful to some students to better retain the info. | The teacher could follow a more set way of writing notes. There are many tangents and sometimes it can be hard to understand what is important. | Sometimes, the order in which the notes are presented is not always chronological, but that is a minor issue. | give us more extra credit opportunities. give us course or exam review outlines would be nice.",3,,,
AAS102,AAS,102,01,Fall,2017,EASTERN RELIGIONS,Mary Diaz,https://classie-evals.stonybrook.edu/Section/details/AAS/102/01/LEC/1178/85271,1,3,43,10,9,9,7,2,1,1,1,3,0,,,,1.59,0.76,,1.59,0.76,,"Although it was in a short period of time, a lot of information was covered and a lot of new knowledge was gained. This course was a great introduction to the variety of Eastern religions. It demonstrated many perspectives on religion as well as the culture of the East. Although we couldn't get into great detail regarding each specific religion, it gave the student a great introduction to many of the major religions which affected Eastern society and culture. If a student wants an introduction to Eastern religions, I would highly recommend this course. | I gained insights on eastern philosophy’s I didn’t previously have. I learned about forms of eastern religions I knew little about. Now I want to learn more. | I learnt how to write very fast because she dictates REALLY fast! | Stay open-minded to others. | learn a lot about religions","The only improvement would be the overall organization of the course and how it was presented. Otherwise, the overall experience and transmission of this course was well executed. | I'd love if she was more clear when explaining certain readings. She can be a bit vague and it's difficult to write an answer in the exam when you don't have a solid answer. | Exams shouldn't be test on very minute details. | I found it good the way it was. | No necessary to buy the book",3,,,
AAS102,AAS,102,30,Summer,2024,EASTERN RELIGIONS,Mary Diaz,https://classie-evals.stonybrook.edu/Section/details/AAS/102/30/LEC/1246/65558,1,4,16,9,2,2,0,1,0,0,0,0,2,,,,,0.5,,,0.5,,learning different religions and beliefs to apply it in real life to have a deeper understanding of different perspectives,using different ways to teach material besides the documentation lectures,3,,,
AAS102,AAS,102,30,Summer,2025,EASTERN RELIGIONS,Mary Diaz,https://classie-evals.stonybrook.edu/Section/details/AAS/102/30/LEC/1256/65162,1,5,19,4,4,5,1,4,0,0,0,1,0,,,,4.0,1.0,4.0,,,,,,3,,,
AAS110,AAS,110,01,Spring,2014,APPRECIATING INDIAN MUSIC,Aruna Sharma,https://classie-evals.stonybrook.edu/Section/details/AAS/110/01/LEC/1144/48101,1,6,53,34,8,8,2,0,1,0,0,0,0,,,,1.5,1.02,1.0,1.5,1.02,1.0,"I think my pitch perception has improves greatly which has helped me a lot in my singing I do outside of academics. 
I also did not know this much about classical music and I have truly learned to appreciate classical music much more than I did before. I actually wish I had classical background after taking this class. | This class is amazing and prepares well to understand notes. It has increased my passion for music and I am planning to improve myself. | It taught me a lot about how music differs depending on its origin and gave me more of an insight into Indian culture. | This course did have a very cultural feel to it. It was occasionally enjoyable because of  the professor's singing. | I found it opened me up to a whole different form of music and let me delve into my heritage a little further.","Professor is a little too harsh on the students. The material is hard to grasp for non-Indian students and I don't believe that is taken into account. Also, the attendance policy is unreasonably strict. The professor also posted assignments late in the night to be done for the following morning which isn't fair for the students who go to bed at a reasonable time. She also isn't very approachable. | Post assignments further in advance. Do not expect students to have completed a reading or an assignment if you tell them about it at 11:59 the night before. So down; there is a lot of vocabulary words that I have never heard before, and you speed through them with an accent I am unfamiliar with, so I get lost very often. | More organized. Give more time to do assignments and not post them the night (9 pm sometimes) they were due. Also, discuss material more in class that is assigned. It cannot be expected of the student to take away every little detail from the readings, it should be supplemented in class more. | She could be much clearer during lecture, writing hindi words on the board for non hindi speakers. She should also not assign things at 12 am the night before something is due then expect us to do it. her tests are hard and difficult to understand what she is asking for on many questions. | Techer needs to realize that not everybody has a musical background let alone Indian classical music. 
She needs to focus more on correlating music theories with real instrument sessions. A
Grading someone based on their Pitch perception is totally unjust ad unfair.",3,ARTS,,
AAS110,AAS,110,01,Summer,2014,APPRECIATING INDIAN MUSIC,Aruna Sharma,https://classie-evals.stonybrook.edu/Section/details/AAS/110/01/LEC/1146/62429,1,7,13,9,3,1,0,0,0,0,0,0,0,,,,1.5,0.98,,1.5,0.98,,"I learned more about music theory than I ever did in the rest of my life, even if it was through a contrast to classical Indian music. | The most valuable thing I found about this course is how informative it is about Indian music. | instructor is very nice and it is fun to learn indian music | She is very enthusiastic with the course material. | How passionate the professor was","The book is poorly written. It does not lay the material out clearly and completely. Instead, it has a tendency to jump around, and it fails to explore some of the topics fully. To make up for this, the professor could fully cover the material in class, perhaps hand out some sort of study guide with all of the necessary terms and info. It would also help if she fully explained her expectations of the class. | I think less focus should be put on pitch perception and more on words, concepts and understanding the difference between each raga. | More clear on expectations and assignments | More writing on the board. | more assignment needed",3,ARTS,,
AAS110,AAS,110,01,Spring,2015,APPRECIATING INDIAN MUSIC,Aruna Sharma,https://classie-evals.stonybrook.edu/Section/details/AAS/110/01/LEC/1154/47693,1,8,30,21,7,2,0,0,0,0,0,0,0,,,,1.21,0.67,,1.21,0.67,,"The course helped me learn more about classical Indian music. The professor is very knowledgeable and kind, she really wants students to learn and understand the concepts rather than just memorize them. You definitely had to do the readings and pay attention and take notes in class but overall it was a good dec G | This course taught me some really valuable lessons regarding the classical Indian Music. I feel more skillful in detecting different aspects of classical Indian Music | Very interesting course.  The professor made the course more interesting than I expected it to be and broadened my interests in indian music. | Really learn something about Indian music. Raga and other things. And you will learn some basic sounding skill in Indian music ! Great. | The thing I found most valuable about this course was that the professor was personable and was able to connect with the class.","At the beginning of the semester, Professor Sharma's expectation of students was very clear. There was a set of information that we needed to know and we were tested on that material only. Almost halfway through the semester, the information that we were expected to know became very unclear and that was evident in the grades of our class.  We were told that we would be tested on certain information and then other additional information wold be on the exam making it impossible to adequately prepare for exams. On one exam we were informed by email just an hour before class that an additional topic was added to the test.  For students that have no background knowledge of this course material or the culture before taking this class, it is extremely difficult. | Course could be improved by providing us with more time for certain things like getting more information on when the paper was due and what the professor wanted in the paper. Maybe include some multiple choice questions on quizzes or exams since they were all write ins. | Less focus on singing and rehearsal of material and more information pertaining to the history and important figures within the genre | This course should have more extra credit options so that students can show their talents and improve their grades simultaneously. | The course could be improved if the professor made it a little more clear what she expected from the class.",3,ARTS,,
AAS110,AAS,110,01,Fall,2015,APPRECIATING INDIAN MUSIC,Aruna Sharma,https://classie-evals.stonybrook.edu/Section/details/AAS/110/01/LEC/1158/90323,1,9,54,39,13,2,0,0,0,0,0,0,0,,,,1.31,0.52,,1.31,0.52,,"She really helps us understand the concepts rather than just cramming everything before the exam. She stresses how understanding is important and she is completely right. For this class, I don't think cramming would work because we have to be able to explain everything we are talking about rather than just state something verbatim from the book. | I enjoyed learning about classical Indian music, which is a subject I would have never explored had I not taken the class.  Prof. Sharma has a beautiful voice, and I love hearing her sing.  She is effective in getting students to participate in her class, and going to class allows me to learn a lot through hearing her speak and singing along. | I have not taken a music class since I was very young. Being Indian myself, it was very nice learning about my roots and the different kinds of music. I really enjoyed singing different ragas in class-it was very relaxing and calmed my nerves. | I found valuable the real singing experience given by the professor, who is an excellent singer. She gives examples and such to show exactly what she is talking about, instead of just having us guess at what the musical term might mean. | The enormous amount of rich Hindustani classical music theory learned, relating this style to all different types of music. Interactive lectures where students are encouraged to sing and relate to the material on a personal level.","The textbook should not have been so expensive, especially since they are basically excerpts from other books. However if that cannot be changed, the course can be improved by having less favoritism towards certain students. Although it is understandable to ask those who may know the answer to the question, it came off unfortunately slightly discriminatory. It was interesting overall though. | Quizzes were very tough. It took away from learning because it was very hard for me to do well on the quizzes. I really enjoyed the class but wish the quizzes were a bit easier (multiple choice). | I think that maybe give us more time for making our presentations, at least a week, but even though we didn't get a whole week, the project was very doable so I have no complaints. | There seems to be material tested on the exams that is very slightly reviewed in class. There should be more time spent going over book material before a test before taking it | If the instructor actually taught the subject matter instead of just telling us to read the book and quizzing us on it the next day, it wouldve been an okay class.",3,ARTS,,
AAS110,AAS,110,01,Spring,2016,APPRECIATING INDIAN MUSIC,Aruna Sharma,https://classie-evals.stonybrook.edu/Section/details/AAS/110/01/LEC/1164/50225,1,10,43,27,12,3,1,0,0,0,0,0,0,,,,1.38,1.02,1.0,1.38,1.02,1.0,"I learnt about the Indian Classical Music and how this form of music is structured and organised. We were taught about the various structures and parts of Indian Classical Music that together makes Indian Classical Music the way it is now. | Learning the breakdown of music was cool and applicable to any kind of music we hear! That was cool to learn. Moreover, the tals used in background of music. Also, applicable to music we hear even in bollywood. | The fundamentals of Indian music are really discussed in depth. We were immersed in a whole new culture and style of music. | Professor Sharma is an amazing teacher, she is so passionate about what she teaches and makes class very enjoyable | The notes on blackboard. TAs
Going over important topics for the exams. Midterm reviews.","There was too much memorizing for a 100 level class.  While the test questions were reasonably broad, it's very difficult to study when the class is told to memorize ALL of the material from the textbook, notes, and handouts.  If a topic is not discussed in class (gharanas), it should not be tested.  I think gharanas was going to be discussed but because no one had read the chapter, the professor gave up.    
Also, I think it would be more helpful to teach the Raga Yaman using the piano or some way to specify the notes being sung. Breaking it down into sections would make it easier to learn well.  It's very difficult to try to learn a fairly complex melody by ear when people are singing it incorrectly. At the very least have the professor please sing it by herself first a few times.  
As for learning the material, it would be helpful if the professor actually taught instead of having students write one thing they learned from the chapter on the board.  This results in very disorganized and possibly incorrect information.  
I noticed a lot of people struggled with the difference between sharp/flat and the different registers.  I think it would be super helpful to play on the piano, for example, Ga then Ga flat and then Ga and Ga in the upper register so people can hear the difference.
I also think we should spend more time listening to ragas in class or have more of them assigned for homework.  I realized at the end of the semester that we had only listened to one and I think it would benefit people to have heard multiple. | Maybe the teacher's expectation of kids who are solely taking the class for a Dec. A lot of these kids know music already but I needed more help because I barely knew anything about fundamentals. | I did not like the textbook we had as much. It would be nice to learn the music through just class lectures, videos and seeing examples over reading chapters on it. Or a simpler outline! | I do not think it was fair for students that were weak in pitch perception. It was practiced many times but not really taught. Also, book material was not really explained in class much. | a great course, but there are really too many specific terms and concepts need to memorize for the quizzes and exams. It will be much better if allowing a cheat sheet.",3,ARTS,,
AAS110,AAS,110,01,Summer,2016,APPRECIATING INDIAN MUSIC,Aruna Sharma,https://classie-evals.stonybrook.edu/Section/details/AAS/110/01/LEC/1166/65949,1,11,8,7,1,0,0,0,0,0,0,0,0,,,,2.33,0.5,,2.33,0.5,,I enjoyed the closeness of the course and how it made us think in different ways about music. There is so much more we can learn from other cultures from there music. | Professor was great | Singing!,"the requirements of the students and the reading that need to be done. Many time i felt that there was a lack of communication before a test on what material should be known. Also it would have been helpful to go over the reading more in depth then just the students asking what certain words are. If she would tell us the points that she really wanted us to focus on that would be helpful. Also the videos that were viewed in class, if those were available to watch again on blackboard i feel that would also help out the students.",3,ARTS,,
AAS110,AAS,110,01,Fall,2016,APPRECIATING INDIAN MUSIC,Aruna Sharma,https://classie-evals.stonybrook.edu/Section/details/AAS/110/01/LEC/1168/89983,1,12,51,23,11,9,8,0,0,0,0,0,0,,,,1.23,0.82,,1.23,0.82,,The course material was very engaging and interesting. There were cultural aspects woven into the study of classical music that extended beyond the indian subcontinent. Professor Sharma is a very warm and caring professor who truly understands her students as individuals. | I found the professors enthusiasm and passion for music to be inspiring. Her stringent ways of engaging the classroom gives the class a feeling of homeliness. | I did really like learning about Indian music I liked having this knowledge outside of the classroom believe it or not it actually came in handy a few times | Indian music is a unfamiliar area for me beacause I hardly knew before I chose this class. It teaches me a lot more than I expected. | It was intriguing and a nice break from my main CSE classes. Learning of the different nuances of classical indian music.,"The professor expects way too much from her students. She should focus on subjects that will actually be on the quizzes and exams instead of singing in class. She puts too many topics on the exams - she should break down what is and what is not important and tell us what to focus on. She is not sensitive to recognize that the subject matter is completely foreign to those of us who are not Indian. Instead of telling us to 'go read the chapter' she should actually teach us the material. | I think the course could be improved if it was more practical and singing based. I believe this would truly make the class appreciate and understand music in much more depth compared to learning it by the book. Reading the book intensively and focusing on specific terms and details makes the work not only cumbersome but brings about a lack of the aesthetic beauty of music which can only be understood by experiencing it. | the professor fails to explain topics clearly and reacts discouragingly when students fail to answer questions in class correctly. The course being on Indian classical music has a lot of hard local terminology from India, it is hard for Indian students to understand her and even harder for the the non Indian students (only because its hard to understand the professor and her manner of conducting class) | The professor assumes we have knowledge of musical terms or just how music works in general. This is an intro class I don't think anyone actually knew what she was talking about half the time she should teach us the basics before going into the more complex stuff. | The TAs should be more prompt with uploading documents online and practice questions before exams would be helpful so the nature of the questions is slightly less unexpected.",3,ARTS,,
AAS110,AAS,110,01,Spring,2017,APPRECIATING INDIAN MUSIC,Aruna Sharma,https://classie-evals.stonybrook.edu/Section/details/AAS/110/01/LEC/1174/49940,1,13,49,21,12,8,5,0,2,0,0,0,1,,,,1.33,1.02,1.0,1.33,1.02,1.0,"I valued that the course was not entirely just a theoretical approach to understanding Indian music. There are many opportunities to get involved like singing, pitch perception, listening to rhythms, and such all during class that make it more engaging than just listening to an instructor talk and recite a textbook. | Gaining more experience with music, as it is something I am extremely interested in but often have no time for. I will definitely be able to keep and use some of the knowledge we have used throughout the class, like vocal exercises and knowledge about Classical Indian music for example. | Making sure to read the text. 
Challenging class but has its fun moments and can be very interesting. 
Office hours are helpful. 
Asking questions and participation was key to success in course.
Vocal and listening activities were effective. | You get to learn new stuff that is about indian classical music. The class is interesting and teaches you a lot about classical music. Study hard whatever the professor tells you to and you'll do fine. | Learning about Indian classical music as it differs from popular Southeast Asian music was valuable for me in terms of understanding the culture and the music better. Interesting material.","The professor is very poor at effectively communicating with other cultures, as she frequently stereotypes her students based on their race and makes people extremely uncomfortable.  She has made blanket statements regarding certain ethnic groups and their inability to perform certain activities well just because of a stereotype she firmly believes. She has also made comments about how one gender is better than the other. she has pulled the names of students who were doing poorly and wrote them on the board for the class to see.  Along with this, her expectations of students are also pretty ridiculous. She is extremely strict with attendance and tardiness, and expects you to know and understand every part of the book that she assigns, from a $45 book that she wrote, which has a combination of hindi and english words and is very difficult to follow. | Style of teaching could be more organized. Difficult to learn tals and pitch perception without extensive practice in class. I would've preferred for the professor to sing the bols and then akar consecutively to help students learn to associate them more easily. More difficult if you have not already taken a music class. There should be a MUS prerequisite for this course. Expectation of students is not reasonable: if it takes professional students of classical music months to learn pitch perception, it is unreasonably difficult to learn within the span of a few classes. | The course could be improved if the teacher is more professional and doesn't favor some people over others. Teacher's expectations are too high for a 100 level beginners course, so more time must be spent in class reviewing the material that will be tested on the tests. Teacher should not openly criticize a student's singing and grades in front of other students. | It is an interesting course, which is why I took it, but the Professor made me resent coming to class. She picks on students even when they are not comfortable with singing in front of the class. She has unrealistic expectations for students and how much they are supposed to memorize even if they don't know the language. She picks favorites. | Perhaps maybe a little less emphasis on pitch perception (ear training). The majority of the students have no music background so the course could be improved if there was less emphasis on pitch perception or more time allocated to gradually training the whole class.",3,ARTS,,
AAS110,AAS,110,01,Fall,2017,APPRECIATING INDIAN MUSIC,Aruna Sharma,https://classie-evals.stonybrook.edu/Section/details/AAS/110/01/LEC/1178/87160,1,14,49,20,17,7,3,1,1,0,0,0,0,,,,1.33,0.9,,1.33,0.9,,"The most valuable thing I learned about this course is learning about music and basic principles. That is it, there is nothing else that is valuable. The professor needs to understand that some of us have never taken a music course, ever. Chorus in high school is non-comparable as we learn how to sing and use our voice and diaphragm, we don't learn past that. She needs to slow down and make topics more clear, she needs to stop throwing terms randomly at us and expect us to know what she's talking about. Her expectation on what we should know is completely unattainable. | Prof. Sharma has the best intentions for her students and she tries to answer questions and explain the material as well as she can. She has a true passion for music and she tries to engage with students through individualized attention. I liked how she gave us some clues as to what would be on the quizzes/tests. Without that, I would definitely not have done so well in her class. | I found the professor's desire to teach and help all the students to be the most valuable. She wanted all her students to  be able to excel and helped in any way that she could. | She very knowledgeable about the subject. I recommend students to take this course irrespective of your musical background, because it is not a course meant for singers only. | Dr. Aruna Sharma is very passionate about Indian Classical Music. Because she encourages us to sing it class, it brings us out of our comfort zone.","I think if the reading materials were covered better in class, the course would be much smoother.

In addition, the Hindi terminology needs to be spelled consistently (I've seen some terms spelled three different ways throughout the course), as well as to either be explained better (so students will learn it instead of simply learning how to regurgitate), or less emphasized. As it is now, the more specific and less used Hindi vocabulary is a matter of regurgitating the meaning, rather than explaining it. Instruments and general terms like 'tabla' and 'raga' are fine, but testing us on the name of the relation between Sa and Ma is more of a vocabulary question than a music theory question, and does not test our actual knowledge of the material.

Finally, the test questions should be revised. While there's rarely anything gramatically wrong with them, they tend to incorporate terminology and phrasing that is awkward to most English-speakers like myself. I'd suggest having a TA look over the phrasing of test questions, and modify the phrasing if necessary so that what the question is asking is more clear to the student. | STRUCTURE. STRUCTURE. STRUCTURE. Teach things in a timely, organized manner! Stop throwing terms around and expect us to know, MOST OF US don't speak Hindi and find it really difficult to keep up with terminology. Attendance should not be harsh, as many of us have personal things going on that I wish we didn't have to mention an excuse or provide notes that she deems as reasonable to be absent. Some of us wish to not disclose our privacy and to be fair, we pay for the class, let us be responsible for our attendance. This class needs to be more organized and topics made clear. | This class is said to be 'appreciating Indian music' and to learn more about the musical culture of India. However, I felt that we did more term based things that just taught about the structure of music. I hope that the course can appreciate the culture of it more, rather than the technicalities. | I wish I could spend more time with the professor and TAs in the office hours to understand more, i preferred the one-on-one teaching. | It would be nice to compare classical Indian music to modern indian music or to music in other countries for reference.",3,ARTS,,
AAS110,AAS,110,01,Spring,2018,APPRECIATING INDIAN MUSIC,Aruna Sharma,https://classie-evals.stonybrook.edu/Section/details/AAS/110/01/LEC/1184/47025,1,15,47,29,9,3,4,0,0,0,0,0,2,,,,1.24,0.89,,1.24,0.89,,"The class itself is interesting and very different from the average class at Stony Brook. Attendance is important and you will occasionally be asked to sing in class although you will never be forced. All in all, it makes for a nice break in a day filled with technical classes where you can just enjoy some music | The most valuable thing is learning about specific Indian terms used in Indian Music. Also, TAs are really helpful that they are always there in or ouside the class whenever you need help with the course. | I learned about a novel subject which I didn't have knowledge about before. Before this course, I could not perceive which notes are being played, or which genres of music exist in Hindustani music. | I thoroughly enjoyed this course! I had some musical background in Western music but can now confidently say I know classical Indian music even better! SO much fun and lots of singing! | The Professor is a very nice person and easy to get along with. We learned many aspects of Indian music, so it is easier to understand India's thoughts on music now.","The course doesn't require students to have music background. However, having it is a HUGE advantage, especially Indian music background, since there is pitch perception (telling which note and which beat it is from hearing it). The professor is friendly and helpful in general, but she did favor some students over others. There is so much reading from the book and additional provided materials to memorize. The exams always cover 'everything and anything we have learned'. | Professor sharma has to check her emails on a frequent basis alike professors. In general, sbu should provide tech related training to professors like her. She does not follow the weekly readings posted in the syllabus. I found this class disorganized and slightly challenging. I didnt enjoy what i learned. | The attendance requirement is strict to the point where missing class could be a problem. A certain allowed amount of absences would be nice so that if one was sick for example, it would be okay to miss class the one time. | I think the teacher could focus more on other students and also have a set guideline of the lectures so that we know what we have to learn. It was very difficult to know what to learn because we had very relaxed lectures. | Tone down the reflections. I can read and study and sing and take tests but I cant pick up on specific things in a song yet. My reflections on any in class songs were made up, Like most others in the class.",3,ARTS,,
AAS110,AAS,110,01,Fall,2018,APPRECIATING INDIAN MUSIC,Aruna Sharma,https://classie-evals.stonybrook.edu/Section/details/AAS/110/01/LEC/1188/86751,1,16,43,28,5,7,1,0,0,0,0,0,2,,,,1.24,1.06,1.0,1.24,1.06,1.0,"I've never had the chance to learn about the Indian music, so it was a very interesting class for me. Professor Sharma allowed me to appreciate Indian music like the course name itself. However, I do not believe that this course is a free A like many assume it to be. Take it at caution. | The most valuable thing is that I learned the cultural difference and musical difference between China and Indian. This class is really funny and educational. | The most valuable thing about this course was learning more about my culture's music, for instance, going in depth. | There was an interesting aspect of knowing in-depth about the root of music and its particular features. | Learning about the vast music history of India and how complex the singing structure is.","The instructor sells her book for 65 dollars approximately and with tax 67 yet the printing of the book is so poor that it is nearly illegible and I felt overall dissatisfied I paid so much for a book yet couldn't even read it, so the print job of the book could be improved. Lastly, the instructor expects us to know information on music that requires at least 2 years of Music classes rather than one semester. | It can be improved by giving out more reasonable extra credits because the Midterm was a lot of information to memorize and the time given was extremely short and it counts for so much percentage of the grade. All the extra credit comes from the voluntary participation to extra lectures outside of class and it always happened on the same time/day of the week and I could never participate it. | Some things we spent too much time on and others not enough. We had two more chapters of reading dumped on us before the final despite only reaching chapter 5 at that point. I would have liked to have listened to more Indian music too. Too many concepts were only described in the abstract with no examples of how they're actually applied in Indian music. | The professor left all the teaching to the TA, who was great but was hounded by the professor. The professor would give us definitions but then tell us to elaborate by ourselves. She did not tell us what she wanted and took marks off when we wrote what we were presented with in tests. | The structure of this course could use a lot of work. The difficulty of the 1st real midterm at the end of the semester is not reflective of the work the student does to prepare for it. This class is pure memorization of assorted concepts that barely link to form a course.",3,ARTS,,
AAS110,AAS,110,01,Spring,2019,APPRECIATING INDIAN MUSIC,Aruna Sharma,https://classie-evals.stonybrook.edu/Section/details/AAS/110/01/LEC/1194/46564,1,17,48,16,16,9,5,0,1,0,0,0,1,,,,1.45,0.95,,1.45,0.95,,"Nothing. The instructor does not teach, she just goes on senseless tangents and constantly interrupts the poor TA's while they try to teach. She also asks students questions they have no way of knowing the answers for, but the interrupts them before they have spoken three words. She is blatantly discriminatory against non south asian students, and expects students who have never spoken Hindi to memorize songs in Hindi for exams. | Aruna Sharma is very passionate about her subject and is very effective in teaching the subject. Not only did I get to learn Indian music, but it was also like exploring another culture. It was interesting to see the similarities and differences between classical Indian music and western classical music. | The course it very informal and very chill. I love the environment that Dr. Sharma created and she is very encouraging with everyone to participate but she does not force people to. She is an excellent instructor and a sensational singer | Class was a  lot of fun. However, the material was pretty difficult especially since the words are in another language. One of my biggest problems was perceiving pitches. Everything is based on memorization | This class provides the basics to understanding music, but does so in a unique way. The focus is on how one would learn in India, which is very different from traditional american ways.","I felt that students who did not have prior musical talent or knowledge found themselves struggling with a lot of the in-class participation, which we were told would be graded to our own advantage and disadvantage. Students without that talent or knowledge were often unable to perform well during these, while students with the background excelled and will likely get a much higher score. However, being that this is an introductory course, I feel that there should be more opportunities for the majority of the class to participate and do well, especially those that are more shy or easily discouraged/embarrassed. | Perhaps there shouldn't be a bias for the students who can sing and the others. The professor has her favorites and she doesn't shy from showing it.  Also,clear guidelines should be given on what is going to be on the test. | Nothing, much. Maybe a rule that you can miss at least one class. It was also very hard for someone who doesn't speak Hindi to pronounce some words. But otherwise, memorizing how to write the words is fine. | Her expectations from the students was overbearing, she didn't teach the material enough for her to expect so much of her students. So specific with no real grading rubric, high favoritism. | the study guides should either be more specific to what the test is on, or the test should be more questions to match the amount of information on study guide.",3,ARTS,,
AAS110,AAS,110,01,Fall,2019,APPRECIATING INDIAN MUSIC,Aruna Sharma,https://classie-evals.stonybrook.edu/Section/details/AAS/110/01/LEC/1198/85943,1,18,44,15,10,13,3,0,1,2,0,0,0,,,,1.52,1.36,1.0,1.52,1.36,1.0,"I took this class for the ARTS requirement, but I genuinely enjoying learning from Professor Sharma. She values participation and initiative, but is lenient in terms of grading. This is known to be an easy A class, but Professor Sharma is incredibly knowledgeable, so if you are looking to learn as well as get the A, take this class. Barely any homework, and quizzes are mainly memorization. | the course was extremely interesting, i learned a great deal about indian music from this class. the professor provided not only an in depth understanding of the topic, but also explained the logic behind various concepts taught in the class. | she taught us nothing, expected us to know everything. I still dont know what alap is and she spent three classes going around the classroom asking us if we knew. She never ended up explaining what it is. | Topics are interesting, but she makes it very complicated. Power Point presentation is not necessary.Quizzes and midterms are very hard.Final is upcoming so I do not have any idea about it.Hard class. | I found it very valuable that Dr. Sharma was very invested in our learning and encouraged us in each class to take charge of our own learning. It was very motivating and powerful.","I think instead of making the students teach each other I’d rather Dr. Sharma explain everything. I feel like she didn’t really teach and therefore a lot of the material on the test would really confuse me and I wouldn’t know what she was looking for in my answer. | Make sure you always attend class as it is a major component in calculating your final grade. It is possible to do bad on quizzes and exams and still get an A as long as Professor Sharma sees you actively PARTICIPATING in class conversations. | If she actually put effort into teaching instead of just asking us things and expecting us to know. We are not all trained in indian music. A powerpoint slide would be very helpful. | We could maybe not have the pitch perception as part of the class, because its a skill that's not easily obtained and most people are not able to do it. | She does not effectively explain the material at all. Tests and quizzes do not match up with what we do in class.",3,ARTS,,
AAS110,AAS,110,01,Spring,2020,APPRECIATING INDIAN MUSIC,Aruna Sharma,https://classie-evals.stonybrook.edu/Section/details/AAS/110/01/LEC/1204/45826,1,19,39,19,11,6,1,0,0,0,0,1,1,,,,,1.25,1.0,,,,,,3,ARTS,,
AAS110,AAS,110,01,Fall,2020,APPRECIATING INDIAN MUSIC,Aruna Sharma,https://classie-evals.stonybrook.edu/Section/details/AAS/110/01/LEC/1208/85836,1,20,35,20,4,6,2,1,2,0,0,0,0,,,,1.14,0.82,,1.14,0.82,,Learning about a new culture can be hard but if you put in the time and effort it is really fun. | Instructors are super helpful and I got to learn a lot about Indian classical music | it gave me a vide range of information regarding indian classical music. | Learned about my heritage | The book is very helpful,"Prerecorded online pitch perception, give the professional singer a professional level microphone and Digital Audio Converter to maximize the online learning potential | If there is a slide show that shows, what the class will talk about would be nice rather than not just talking without looking at anything. | Make powerpoints relating to what we are talking about, that include notes and the main points. | just a little more time and be more lenient on the pitch preception quizzes. | Nothing that I can think of.",3,ARTS,,
AAS110,AAS,110,01,Spring,2021,APPRECIATING INDIAN MUSIC,Aruna Sharma,https://classie-evals.stonybrook.edu/Section/details/AAS/110/01/LEC/1214/45785,1,21,42,21,14,3,1,0,0,2,0,0,1,,,,1.4,0.91,,1.4,0.91,,"The office hours of the TAs were pretty valuable because I feel like I actually understood what I was learning there than in class. The textbook readings that were assigned prior to class were also valuable because we would get questioned on what we read during class. The review sessions before the midterm and final were also useful. | The TA's were valuable, especially Sabareesh with his review sessions. The presentations were fun to do and helped me understand the material better. | What is composed in Indian music","There should be a prerequisite for this class. I was/ am lost most of the times and the syllabus assignments due date/ given date  are all out of place and wasn’t followed 90% of the time. It is very disorganized and I have never in the years of being in SBU, took a class that made it so mentally challenging/ disorganized. I don’t understand why there was a  passive aggressiveness calling people  out for not leaving cameras on. I personally didn’t find it to be a problem but  there are students who do not feel comfortable, so that should be optional. There has to be better / more relastic expectations from the students because 85% do not have a musical background. | The instructor should stop calling out students and testing them on material she hasn't even gone over in class yet. She always embarrasses students in front of the class and it really causes anxiety amongst the class. She should make a PowerPoint or something so that the class can follow along with what she's saying rather than talking nonsense and expecting the class to understand everything she is saying. She just throws terms around and shames people she calls on for not understanding it immediately. | I don't like the way the professor teaches the course. She should incorporate slideshows or something to follow along. Most of the time I had no idea what she was talking about. She would ask the entire class a question and one by one call on someone for the answer, instead of just telling us what the correct answer is and why. There was no need to buy the textbook since the TA's posted pictures of the textbook on Blackboard, so that was a waste of $60. | I think this class needs to be a little easier, especially since it's an intro to Indian music class and there are students with no musical background. Professor Sharma required us to buy the textbook that she wrote, however, she contradicted much of what she taught us with what was in the textbook. Also, the professor needs to be a little more understanding of remote students because she was always requiring that their cameras must be on. | The professor expected students to know everything without her.  In her class, students were just answering her question like a quizes.  And most of the answers could be found in her textbook.  So this is weird in a sense that even without the professor, I think we could also learn.",3,ARTS,,
AAS110,AAS,110,01,Fall,2021,APPRECIATING INDIAN MUSIC,Aruna Sharma,https://classie-evals.stonybrook.edu/Section/details/AAS/110/01/LEC/1218/86351,1,22,42,21,6,8,2,0,2,1,0,0,2,,,,1.74,1.22,1.0,1.74,1.22,1.0,"This course is pretty difficult, especially for a 100 lvl course. The description says 'no prior music knowledge required', but to be honest, that's a lie. I found myself getting lost, confused, and pretty much failing everything. The professor didn't actually teach that often, it was mainly the TAs. I really struggled, and with external issues outside of school, I couldn't attend office hours either, which also put me behind. I will say that my performance isn't entirely a reflection of this course, as I did have many things going on beyond the course that didn't allow me to focus entirely on this course as much as I needed to, but I just really didn't expect this course to be this punishing. I'll likely be getting a C or lower, depending on my final exam grade. | Nothing. This course is not valuable and no one should have to take it. Originally, when joining the class, I was expecting to learn more about a culture I was interested in, but that is not what happened. The only good thing that came out of this course was making a lot of friends because we were all confused and struggling. Otherwise, this class is tortuous and do not take it. | The most valuable thing about this course is that you'll get a better understanding of Indian culture and Indian Classical Music. This course is a way of expanding your knowledge about culture and music. | The textbook readings and handouts posted under course documents were essential to doing well in this course. Taking notes in class was also very valuable for this course. | The course is hard professor and TA tried to help understand the material. Plus they help out if you are sick and are very understanding and kind.","For starters, Professor Sharma does not teach. This is not an exaggeration. We had to read a very difficult textbook that is not meant for students who know nothing about music (as most of us didn't). The textbook is dense and talks about a lot of technical terms that no one understands, and it is unclear what exactly we need to know from each chapter. Then, in class, instead of her teaching us the material, we go around the classroom and she asks every student for two points about something from the textbook, in which she grills us and expects us to know and understand things that she hasn't taught. It is very nerve-wracking and the classroom environment is very tense. She doesn't say what information is correct or not, and then moves on to ask us random questions in which we go through the entire classroom again and every student attempts to answer things in which we didn't learn. She never says what the correct answer is or explains the content, just moves on to yet another question. The class goes on like this until it is over. She doesn't make powerpoints or write notes on the board, just talks about random things. The only way we get notes is from the TAs, who write things on the board while she talks. However, the TAs are horrible. They themselves don't understand the material. There are 4 quizzes (one is a syllabus quiz so really 3) and a midterm and a final. The quizzes are long and not really quizzes, more like unit exams and the material per quiz is A LOT of memorization. We would have all failed the assessments if the TAs didn't post a study guide (that the teacher did not know about), though a lot of questions that she asks on the quizzes and exams are stuff that's not on the study guide and things that she has never even mentioned in class. The TAs were very disorganized and repeatedly posted things VERY LATE. The night before two quizzes, they posted stuff that we needed to know for the next day. The same occurred the night before the midterm and the final. They posted a whole new chapter and terms to study the night before the midterm and posted a whole sheet to know the night before the final. Furthermore, we often did not follow the syllabus and the TAs are supposed to tell us what hw we have and what reading to do, but they didn't and when the Professor would ask them if they did in class, they would pretend as if they did. It was very clear that they did not take their responsibilities seriously or cared about helping us, but the study guide was the only way we passed this class. One of the quizzes was a pitch perception quiz, where the TAs sang combinations of notes and we had to write what notes they were singing. That was the hardest thing I've ever done. If you are not musically inclined, this takes years of learning and practicing music. We practice in class but not effectively. This was my hardest class this year, which says a lot considering this is an ARTS SBC. Trust me, there are way easier ARTS SBC's to take than this.Professor Sharma treats this class like it's a 400 level class, and openly admits that there needs to be a prerequisite for this class, but teaches it with the same level of difficulty. Your grade might end up okay because she does factor in participation and attendance. ATTENDANCE IS REALLY IMPORTANT! 10 points are reserved for it, and she doesn't care if you're sick. BE there! Someone had to miss the final because their roommate had Covid and she needed to be tested right away, and Professor Sharma did not care and told her that there are no make-ups. There is a presentation that we do that counts 3 points and that can help you. If you're white, that will help you because she's racist and it's against brown people. She praises and babies the white kids in our class, letting them off easily. She is racist towards the Asian kids, and often calls them by an 'Asian' last name and asks them if they listen to Chinese music. She puts a lot of pressure on the brown kids because she expects more from them. I am not Indian but she assumed I was and expected me to read and sing Hindi, although I told her many times that I wasn't Indian. If you're brown, you're worse off in this class. Anyways, I am writing this very long review because I wish someone wrote it for me before I took this class. I went into this class thinking it was going to be fun and easy but it made my first semester in college hell. Good luck to anyone taking this class and dealing with Professor Sharma. | The course should have more structure. Oftentimes, she would just sit and ask us if we had questions and if we didn't she would ask us questions. Sometimes the professor expected us to read more than what was on the syllabus. She was also at times not very receptive to questions as even if we stated that we mentioned it in class and didn't understand, she would tell us we should understand. I think the expectations she had for a 100 level class were a lot and not clearly communicated. The textbook we had to read was also not the clearest to understand but the professor acted as if the textbook was perfect and if we read about something in the book, she didn't have to explain it. The TAs were a lifesaver though. | It could be improved in many ways. The teaching was not at all effective and she expected us to know things that were never taught. Professor will randomly call on you to answer questions on the readings for the majority of the class period with little time to actually learn the material. Although she was nice and did care, it was a very stressful class especially not having any background knowledge on the material. Save yourself the stress, considering it being a 100-level class. | I don't feel like I was actually taught anything in any directed way. Lots of readings and discussion posts, but no real lectures. Classtime was spent by forcing each student to ask questions about the reading, which was useful, but ineffective. Even a TA admitted they passed by just memorizing terms without actually understanding them. In fact, I think this course is beyond repair, and should be completely overhauled. | The tests/quizzes were punishing if you did not prepare properly. I failed the midterm, likely the final, and almost every quiz (take this with a grain of salt, I'm also a very poor test taker, but I did study a good amount before each one). They were written response only, so you needed to memorize everything that was going to be covered, or else you would fail.",3,ARTS,,
AAS110,AAS,110,01,Spring,2022,APPRECIATING INDIAN MUSIC,Aruna Sharma,https://classie-evals.stonybrook.edu/Section/details/AAS/110/01/LEC/1224/45778,1,23,24,10,10,3,0,0,1,0,0,0,0,,,,1.43,1.28,1.0,1.43,1.28,1.0,"I found the incorporation of non-musical subjects most interesting as a student. As a non-Asian student who was studying Asian and American American Studies for the very first time, Professor Sharma more than adequately made this field of studies appealing for us students. | I feel like this course was a lot of memorization and note taking, which improved my memorization skills and active listening skill. | Professor should allocate more time for quizzes (more than 15 mins). The quiz format is very confusing. | The TAs were helpful","I don't feel like I learned anything this semester. There were no opportunities to take proper and accurate notes. The lecture constantly felt unprepared and there was not structure. I understand taking notes from just hearing but often times there was no proper structure to take proper notes. 
I the beginning I felt pressured to sing even though I did not want to, that got better through the semester. 
I think this was supposed to an easy class but I felt most classes really confused and lost | The course should be level 400. The professor sings for the most part and the tests and quizzes are very hard and she is a hard grader and the quiz’s are short answers and you will lose point for every single mistakes. | I think the course might be improved through better organization and structure. At times, it was difficult to pinpoint exactly what we needed to study for tests and exams. | It would have been better if the professor showed more confidence on students and some of the material was really hard to understand so I wish we spent more time of those.",3,ARTS,,
AAS110,AAS,110,01,Fall,2022,APPRECIATING INDIAN MUSIC,Aruna Sharma,https://classie-evals.stonybrook.edu/Section/details/AAS/110/01/LEC/1228/85970,1,24,54,33,15,3,2,0,1,0,0,0,0,,,,,1.26,1.0,,1.26,1.0,"The TAs are the most valuable part of this course... sometimes. They know more about what's going on in the class then the professor does. The professor is very nice and very lenient when it comes to grades, however she expects too much out of her students. The only way to do well is by reading the textbook thoroughly, and by talking with the TAs. | The TAs were really helpful. They provided meanings and definitions to the terms, cleared any questions that I had, and also helped with how we should study for the test. They were extremely approachable. If not for them, I don't know what I would have done in the course. | The TA's of this class were really great. They were super helpful, kind, and they understood the students well. The class is interesting and the dynamic of the class is either serious and scary or really fun and interesting. I have never seen the class in between. | I love how we kind of sang in class and learned the raga and taal all for understanding the difference between Indian Classical Music. | Its a great class and you learn a lot about Indian music. the TA's are great and they help a lot and grading is always fair.","The professor doesn't really teach much. The course has no pre-requisites and should be an easy introductory course, but since the professor has learned classical music, she indirectly expects all the students to learn and catch up fast. She expects the students to read texts themselves, and doesn't clearly explain any concepts. When asked about a topic or definition, her answers are always vague and unclear, and she says that she doesn't want the answers from the textbook she herself has asked the students to read. Students are also asked to correctly identify the notes, even though it hasn't been taught properly and enough practice hasn't been done. She also is biased toward students that have had some prior musical training/knowledge. She expects the TAs to do most of the teaching and engagement with students, and just sits in her chair and talks about vague concepts that don't really connect and doesn't explain or clear any doubts properly that students may have.   The professor seems to be knowledgeable on the topic but doesn't teach it correctly or in a form that students can learn, and isn't really approachable. The professor should also keep in mind that a majority of the students have no prior musical knowledge. | This is supposed to be a music class that requires no prior experience, but if you don't know anything about Indian music it may be more challenging. The structure of this class is poor, the syllabus is often not followed, and some of the assignments just don't make any sense. In my opinion the quizzes and exams aren't very fair, and we weren't given proper study material. The TAs would usually give study guides, helpful hints or something but they would give it too late. I would only recommend this class to people who really have a love for Indian classical music. | I wish the professor would have standardized her expectations amongst the South Asian students and the non-South Asian students. Once she realizes that someone is of South Asian descent, can sing, has some kind of music knowledge, she will continuously ask only them questions. Additionally, it does become apparent that she has her favorites in the class and she will have higher expectations on the girls than the guys at times. However, she does constantly pick on the same guys which takes up class time. I wish the behavior toward the students was improved. | Less reading about the concepts and more listening and watching. It is a music class but we do not listen to any music. It is hard to understand any of the concepts just by reading about them. The vocabulary we must learn consists exclusively of hindi words so without prior experience of hindi you will get lost. Professor favors certain students. Professor's style of lecturing the class is not useful for this type of class.  Expectations for students are too high. | The professor should stick to the syllabus more. A lot of class time was wasted and we didn't go through much of the textbook which was a waste of money.",3,ARTS,,
AAS110,AAS,110,01,Spring,2023,APPRECIATING INDIAN MUSIC,Aruna Sharma,https://classie-evals.stonybrook.edu/Section/details/AAS/110/01/LEC/1234/45663,1,25,33,17,7,7,1,0,1,0,0,0,0,,,,,1.24,1.0,,1.24,1.0,"The insight into classical Indian music theory was the most valuable thing this course provided. I didn't know much about music theory in general so learning about the intricacies of music and how complex it's creation and history is was very interesting to learn about. | The TA's held review sessions outside of class and essentially ran the course while the professor oversaw and would join in to add more information sometimes. Posted material such as the vocal recordings of scales, combinations, etc. were very helpful. | She is educated on indian classical music. She knows what she is talking about most of the time when she is not going against her own textbook. | The professor goes in depth of the concepts related to Indian classical music. The class is fun and would recommend for other students to take. | I did not find this course useful at all. I think it does not bring any value to education as a whole at Stony Brook University.","First of all, you can't even read her textbook properly. It's kind of blurry and really hard to read. People lied on rate my professor. This is not an easy A. This is one of the most annoying classes I have ever took. She is not the greatest professor and this is a purely memorization class. The TA's try their best to help you but at the end of the day, the professor overpowers. Highly recommend getting your SBC credit another way. Truly one of the worst classes I ever took as this is not a beginner class at all especially if you have no experience with music and don't speak hindi. Attendance is absolutely mandatory and lateness should not be a thing in this class. I wish this class covered less material and spent more time going over stuff instead of telling us to memorize stuff and read the textbook. I hate the textbook and this class was truly annoying even with the helpful TA'S. | Professor engagement could definitely be improved. The TA's though great, were heavily relied upon to teach the class with very minimal input from the professor compared to other courses. I can tell that the professor knows the material very well and when they did talk it helped my understanding a lot, I just wish there was more of that. It would be much better if the TA's were supporting the professor instead of substituting for the professor. | Expect less from the kids, it got very difficult to understand some concepts so instead of making us read the textbook with its over complicated language it would have been better if you were able to atually teach that content. | The professor is really nice but she does not really teach and only talks when she is going to sing the Ta's also doesn't know what to teach and is confused but still continues to give us quizzes. | The implementation of some multiple choice questions, especially for the final, as there is a lot of information we are required to remember and some things sound similar to one another.",3,ARTS,,
AAS110,AAS,110,01,Fall,2023,APPRECIATING INDIAN MUSIC,Aruna Sharma,https://classie-evals.stonybrook.edu/Section/details/AAS/110/01/LEC/1238/85668,1,26,60,30,19,8,1,0,0,1,0,0,1,,,,,0.79,,,0.79,,"I loved how the course was able to give me a better understanding of music in general. I am a Western Classical musician and had a disconnect with my Indian heritage and wanted to further connect with it. This class was a great way to do so. As a Western Classical musician, this class has given me more knowledge about certain music theory aspects, relationships between notes, and much more. It broadened my knowledge of music and has further helped me in creating it. This course utilized words from the Hindi language and it was important to become familiar with those words. | I found the introduction of various types of Indian Classical Music intriguing and valuable. I also appreciate the time and effort the TA's put into the course and making the course more enjoyable for the students. Furthermore, I find listening to the ragas and talas with professor's singing a new and valuable experience. | The detail the Ta went in to teaching in this course is beyond comparable to my other classes who were semi related to this, (ISlam), (other studies), and it helps people get an experience that they couldn't get in most classes. | I found the teacher's assistants to be the most helpful. They took time out of their busy schedules outside of class to help a lot of students who were confused/ struggling in the class. they offered their time and were patient. | What I found valuable about this course was how much the professor cares about her students and takes the time to make sure we all understand the content. I also found it valuable how much the professor cares about the subject.","This class needs a prerequisite of some musical knowledge. Suppose you do not have a basic understanding of notes, musical scales, and other aspects of music such as consonance and dissonance. In that case, you are at a greater loss in comparison to the people who do have some musical knowledge. Once having that musical knowledge, it makes concepts in Indian music much easier to understand as you have something to base it on. The class is not structured to teach you about notes necessarily, but it is structured to teach you about how Indian music functions as it operates under the notion that you already have a general knowledge of music and musical theory. Professor Sharma is evidently very knowledgeable about what she teaches, but certain aspects of what she says can be very confusing and take a while to understand, even with the textbook. | The course can be improved if students learned more about Carnatic Classical Music too because this course only encompasses Hindustani Classical Music, not Carnatic Classical Music. I believe that if you are going to name the course 'Appreciation for Indian Music', then both genres of Indian Classical Music should be represented equally | A way of making the exams more reasonable is by being multiple choice. A short response is very unreasonable for a class like this. It's supposed to be more of a lower-risk course yet the effort you have to put in for a class with such a low worth makes me regret taking it. | I feel like sometimes the professor cuts student's words while they are asking questions or answering professor's questions often. I would liked this course more if the students have more opportunity or get encouraged to speak and present their thoughts. | I don't have much critiques for the course but Maybe instead of emphasizing the material and what makes up Indian Classical music, we should have more opportunities to explore different genres of Indian music.",3,ARTS,,
AAS110,AAS,110,01,Spring,2024,APPRECIATING INDIAN MUSIC,Aruna Sharma,https://classie-evals.stonybrook.edu/Section/details/AAS/110/01/LEC/1244/45412,1,27,35,10,7,4,11,2,1,0,0,0,0,,,,,1.41,1.0,,1.41,1.0,"Nothing about this course provided value to me outside of the SBC. The instructor was quite insistent about the students needing to purchase an $50-80 textbook when barely half of it was used. Further notes and lecture slides were not provided which made it difficult to get a semblance of understanding of what occurred during class time, if and when it was missed. The instructor also made it a point to berate students who would/could not buy the text book either based off of online forums suggesting the idea or due to financial inability. Rather than maintaining a professional conduct, the instructor had also asked me individually to try and generate interest in the class, and even displayed dissatisfaction upon my reluctance to do so.     Most of these minor transgressions could be overlooked if not for the professor actively preventing the TA&#8217;s from helping as well by telling them that they were absolutely not to release any of the notes, even some that could just be considered helpful visual models for understanding hard to grasp concepts. On top of this, the instructor almost solely and completely relies on the TA&#8217;s to create slides, presentations, and to communicate other information necessary for quizzes or exams that she was not able to cover in class due to her improperly using class time to repeatedly berate multiple separate students, all in class, in front of others no less.     Just to add on, the professor is currently heavily encouraging us to fill out this very course evaluation while in class, I assume due to her wanting to provide a time for positive thoughts, if any. | Boy oh Boy where do I even begin, My sunshine Prof. Aruna's Class that made me wake up at 5am and remember Dha Dhin dhina dha type $h.. .This Indian music class has been nothing short of a nightmare. The professor's Aruna unreasonable demands and ridiculously hard tests have made the entire learning experience excruciatingly painful. It's evident that the professor lacks empathy and fails to understand the capabilities and limitations of the students.  What the hell was this class, causing me more stress and frustration than my entire CS systems class combined  Firstly, SHE IS QUITE SADISTIC, the professor's expectations are completely out of touch with reality. The workload is overwhelming, and the assignments are unnecessarily complicated. Instead of fostering a conducive learning environment, the professor seems to take pleasure in watching students struggle.    Secondly, the tests are a nightmare. They are designed in such a way that even the most diligent students find it impossible to excel. The questions are convoluted, and the time constraints are absurd. It feels like the professor is more interested in weeding out students than actually imparting knowledge.    To say that I'll be relieved when this class finally ends would be an understatement. In fact, I'm certain that the happiness I'll feel when this class is over will surpass any joy I'll ever experience, including the birth of my first child. That's how much I've dreaded every moment spent in this class. | nothing. i was actually excited for this course- im a straight A student who loves learning but this course has ruined my semester.  the professor is abusive quite frankly. she does not teach the material. she rambles about how much she hates us all. she expects everyone to be psychic, to know what we are supposed to be learning before teaching????   she humiliates students for not knowing answers or for not closing the door quietly. she takes points from us willy nilly. she says horrible comments about students who couldn&#8217;t afford the textbook.   she clearly abuses the TAs. they are overworked not paid and spoken to terribly. she talks about wanting to beat us with sticks. for exams, if you need to use the bathroom she has the TA pat you down and go with you. she does not allow people to use the restroom in class. i swear it is to the point where im in such severe pain because i can&#8217;t pee- i&#8217;m scared of her humiliating me and taking points. so i repeat NOTHING. | Tell the professor to stop bullying students. She belittles anyone who doesn't answer a question to her exact liking. I was actually paying attention and interested in this course, until one day the professor cold called me then started attacking me in front of the whole class, for a question that I actually answered correctly. Ever since that day, I couldn't bring myself to care about this course. | I didn't find much value in the course, to be honest. I took it because I had to fulfill the ARTS SBC requirement, and it ended up being a rather uninspiring experience. The content didn't engage me, and attendance being mandatory made it even less enjoyable. I didn't learn much from the class, which was disappointing.","Their are so many ways. One. The class is taught by the TAs solely by them the professor will bud in now and then but never with anything of substance that would benefit the class, often leads to terrible side track and wont learn much information. Two. The text could possibly be helpful but its hard to follow along with the textbook because of how the course moves, the course moves sometimes at such a slow place that things we are supposed to know get lost in-between. Three. The class is designed for students to speak 'allegedly' however when a student is called one if they take more then 3 seconds to answer the professor will give no mercy or any leeway for the student to get their thoughts gathered. 4. The professor is also so unprofessional for what reason I do not understand, she will have her own prejudice on students and will make it abundantly clear if she does not like a student. Also the exams that she makes are quite literally the worst exams made, for this class being an SBC I feel as if it should not be as complicated.5. Throughout the semester time and time again she will belittle students for not understanding the course which she does not even teach. Her names just slapped on brightspace.6. Credit to the TAs who quite literally carry the course on their backs, she is also so blatantly disrespectful to the TAs which I don't understand how that even works when they teach the course. I don't recommend this course to anyone. | The professor had a very unprofessional attitude when going about teaching. Although she stated at the beginning of the course that we didn&#8217;t need previous knowledge of Indian classical music to get through the class, she would constantly look down upon those who didn&#8217;t immediately know the answer to her questions. She would also constantly stray off topic to the point where the TAs wouldn&#8217;t be able to go through the material at all. We fell so behind that the weekly quizzes couldn&#8217;t be held since barely anything was being taught in class. The course book was also pretty much useless because the professor just expected us to immediately understand it after reading it once. The only thing that really helped me learn the material was the slides that the TAs made and posted. | This course has a lot of potential. I was very excited to learn about Hindustani music. However, I have never dreaded a class more than this. I have never disliked a teacher more than this. She is constantly casting judgment on students' styles and openly making faces if it isn't up to par with her standards. We were yelled at for weeks because when we came into the class, the door would make a loud noise. I am not saying this to sound ageist, but she is at that point where it would benefit both students and Aruna if she was let go. I promise you no one will miss her, nor will it hurt your department. Yes, she teaches most of the classes, but how she teaches and the mental stress she puts on students is not worth it. Please do us all a favor and let her go. | I took this course because I wanted to learn more about my cultural history not just in its political, economic, and social aspects but also in the arts that often are overlooked. I do believe I learned a lot about the intricacies of Indian Classical Music - I expected it to be much simpler but as the weeks progressed, the content got more abstract to grasp. This course does what it claims to do, however, due to the professor, and the way that she treats us, often showing partiality and picking and choosing on calling people out depending on the students. There have been many instances where I felt that she had no empathy and did not give you a chance to do better or learn, she moves on without providing the answer and often in an insulting way. | The prof instead of just rambling she can actually teach instead of making us read a textbook and not teach us. She would ask a question then cut us off then just move on to something else. She wouldn't even let the ta's present because apparently that is 'spoon feeding' She would waste the entire class time by going around to every single student and ask irrelevant question and waste the entire class and not teach. She would disrespect students for no reason and show her favorites. One kid got a 99 on his quiz and she saw that and said 'i need to make it harder.' And she loved giving 0s out for closing a door that slams by itself.",3,ARTS,,
AAS110,AAS,110,01,Fall,2024,APPRECIATING INDIAN MUSIC,Aruna Sharma,https://classie-evals.stonybrook.edu/Section/details/AAS/110/01/LEC/1248/86377,1,28,49,21,9,11,3,3,2,0,0,0,0,,,,,1.49,1.0,,1.49,1.0,"Nothing. Just nope. Do not take this course. Even as an Indian, I was struggling with the course. Just save yourself the trouble and skip out on this one. The syllabus moves at weird paces. we were only taught 3 chapters throughout the semester and assigned 3 chapters as homework over the thanksgiving break. The class claims to be for beginners but that is definitely not the case as only the students with close to a decade of music experience are able to answer in-class questions. Additionally, the questions on the exams are open-ended but the professor is secretly looking for you to answer in a specific way and every other method is wrong (you need to guess what she wants in your answer). Just don't take this course. | Probably the textbook. The instructor's way of explaining was too vague. It's almost as if she was saying several things at once. She also showed favouritism during the course. She would often ask a question and interrupt before the student could even finish answering. Her style of giving feedback seemed more like she was coming to attack the student. The questions on the exam were not clear. Very illogical questions asked and expectations were flowery, rather stupid answers. This is not how you teach music or music theory. I have never had a worse professor. | I did not take anything away from this course the professor was really bad at teaching the course she would teach us one thing and give the test and quizzes on other things. Some students were also cheating on the tests and the professor new something was up but refused to investigate because she obviously had favorites, and it was unfair to other students and the TAs also were helping their friends cheat on the quizzes the class was very rigged and the only things that mattered was if you were a teacher's pet or not. | In this course I did learn a few things about Indian Music that I did not know prior to taking it.    The professor was very welcoming and kind to her students; She never failed to make it known that she cared for her students and wanted them to do well in the class. | What I found most valuable was learning that all professors are may be good at teaching their subject, but not every professor can go about handling a class properly in order to give students the best chance to succeed in said class.","There is simply too much wrong to even attempt to fix this course. It has to start with changing the professor's teaching style. She needs to actually teach in class instead of handing out random pieces of information. The book is not worth the cost. Her habit of cutting students off in between their responses and being generally mean and condescending makes students stop trying in class. No solid help was provided (no slides/no chapter notes) - the only notes given out are her random facts and information bits. The exam questions are not multiple choice and on top of that, they are marketed as being open-ended which is not the case as the professor is definitely expecting a specific answer and any other answers won't do. Just save yourself, and don't take this class as no amount of improvements can fix this class. Matter of fact, I don't think I will ever take a music course ever again. | The three TA's are incredibly inept and at times drag the class back, often distracting the class during tests, not completing simple tasks from the professor, or simply goofing off more than most students. Students only did well through prior experience that was explicitly not required in the class outline. Content on quizzes are rarely discussed in class either because the professor gives long winded, meandering answers to questions that take up lectures, or because some things has been never been mentioned in class and left to the sea of head-spinning foreign Hindi terminology known as the textbook which is impossible to gain information from. Dr. Sharma is clearly a knowledgeable figure in her respective subject, but she is held back by a desire to let students learn on their own even and take large detours, if not all vital content on tests are covered, and by her incompetent staff. | Everything. The learning environment the professor created was very uncomfortable and unprofessional. The TAs were largely unhelpful and the professor was extremely biased to some students over others, so much so that I do not believe my grade will reflect my knowledge of this course, but of what one specific student said about me to the professor and the entire class (who was friends with the TAs and had some out-of-class relationship with the professor). The class was turned into a complete joke, and nothing was taken seriously. The TAs would not even show up half the time, and they were friends with one specific student and would help him cheat during tests! | I feel that the syllabus was not at all in line with the course. There were many things on the syllabus that we did not do in class, and many thing we did in class that were not on the syllabus. You are expected to read the textbook and understand it thoroughly and I feel that more information from the textbook should be taught in class rather than repeating lessons from class to class that are only a small portion of our exams. | The course did not follow the schedule it intended to at the start of the year; This resulted in the rushing of a project, a couple of tests, and a midterm in order to get grades in. In addition to that I felt it was hard at times to learn in the class as someone who has no background in Indian Music or music in general. The professor has students read the book we were assigned as a major source of learning.",3,ARTS,,
AAS110,AAS,110,01,Spring,2025,APPRECIATING INDIAN MUSIC,Aruna Sharma,https://classie-evals.stonybrook.edu/Section/details/AAS/110/01/LEC/1254/45877,1,29,31,6,7,4,6,3,0,1,0,0,4,,,,2.63,1.53,2.0,,,,"What I found most valuable about this course was the immersive introduction to the theory and practice of Hindustani classical music. Learning about the structure of ragas, the role of improvisation, and the cultural and spiritual contexts of the music gave me a much deeper appreciation for its complexity and beauty. I especially valued the live demonstrations, whether through recordings or guest artists, which brought the theoretical material to life. The course struck a great balance between academic study and experiential learning, which made the subject both intellectually engaging and emotionally resonant. | Not one complaint, the professor told you exactly what she expected out of you and is very passionate about teaching. As a Pakistani American, it was fun learning the specifics about Indian music and if I didn’t understand something, the TA’s were super helpful! | This course is making me anxious. As someone with zero background in music, learning Indian music is incredibly difficult. I might understand the terms, but I can't apply them at all. This feels way too advanced for a 100-level class. Help. | Even though I did learn some new things about Indian music, the overall organization of the class was extremely poor, and the professor was not efficiently prepared to teach us the material. | The TA’s, were all very helpful and informative. Ismail specifically went out of his way to make sure all questions were answered.","One way the course could be improved is by incorporating more interactive or hands-on elements, such as basic vocal or rhythmic exercises, even at an introductory level. This would help students internalize some of the musical concepts more directly. Additionally, providing more visual or audio aids—like annotated listening guides or breakdowns of raga structures—could enhance understanding for those less familiar with Indian classical music. A little more time dedicated to key historical and regional developments might also offer useful context for how Hindustani music has evolved. | The profesor could try to include more written notes during class (like slides) to make it more engaging and easier to take notes. While I understand that we should study outside of class, it would also be helpful to learn important information during class. Professor could also try being a little kinder to the students. | I believe this course needs better organization, and the professor needs to actually teach (make lecture slides), instead of having the students teach themselves. | Needs to be a little easier to under for people not familiar with South-Asian culture or just foreigner students in general. The terminology is very difficult. | Maybe teach rather then just sitting there and complaining how the students don’t know anything.",3,ARTS,,
AAS110,AAS,110,30,Summer,2025,APPRECIATING INDIAN MUSIC,Aruna Sharma,https://classie-evals.stonybrook.edu/Section/details/AAS/110/30/LEC/1256/65886,1,30,0,0,0,0,0,0,0,0,0,0,0,,,,,,,,,,,Copyright © 2024 Stony Brook University Division of Information Technology - All Rights ReservedReport an Accessibility BarrierClassie Evaluation Explorer - Version: 1.41.0.13Current User: shijamalPhone: (631) 632-9800 |Submit Service Ticket,3,ARTS,,
AAS118,AAS,118,01,Spring,2015,INTRODUCTION TO ASIAN STUDIES,Peg Spitzer,https://classie-evals.stonybrook.edu/Section/details/AAS/118/01/LEC/1154/53097,1,31,33,8,8,0,4,5,2,2,3,1,0,,,,1.62,0.78,,1.62,0.78,,"I felt that most of the assignments being group work helped me understand the material much more than if I were to work alone. I also liked how doing work that led up to one of the final assignments required a good amount of research. Being able to research something properly is a good skill to have. | Learning about the culture in Asia. There are so many information, history, culture, religion, about Asia that people should learn and understand. Asia is entirely different than America and it would be wise to know their culture before visiting their country. I loved learning about these countries. | This class really provided a lot of background information of many countries in Asia in terms of history, language, religion,  and modernization. | Overall, it is a great course. We did learn much stuff in class.
In course participation is great. I really improved the in class presentation. | It helped me to learn a little bit of culture from many different asian countries.","Assessment is time-limited. So go around the class is kind of waste of time. Maybe we could prepare for that and post it on the blackboard so that we can learn before.
It cost too much of time after class, like search information or read the materials after class. Though sometimes we group have already distribute the work, but some of the students did not show up in the next time. Anyway, it is only a 100 level class.
Some of the group members didn't do anything but they share the same grade as the students prepared. It is unfair! Because someone didn't do anything in the group, so anyone else in the group need much more time than expected. Someone would not like to do that until the night before the class. | be honest, this class is more like a group study or self-study class. The instructor never talk anything important in class, we do not have any resource or text book, every content of the class are all from our group study members. And every time the content and requirement of each exam that the instructor told us are different from the real exam. Even I feel like I spend most time on this course, but learned nothing from this instructor! | Keeping one group to do all the module. I had a difficult time with trying to contact some classmates or working with them since they either not respond to my emails or never attend the class for that particular module. I had some classmates that I worked well with and it would been nice to work with them on all the module. This was, we can get work done and know them well. | The in-class assignments were unrealistic, such as developing a play that has nothing to do with Asia, as well as creating a timeline and themes that were just lead by one person. All the in-class assignments were with groups, and usually no one takes charge. There is also no grade for these in-class assignments which is unfair because some people work harder than others. | Too much teamwork, and the professor seldom teach by herself. And there is no text book, every class we have group studies, and we need to do big posters. HOWEVER, THERE IS NO POINTS FOR THAT!!!",,,,
AAS118,AAS,118,01,Fall,2015,INTRODUCTION TO ASIAN STUDIES,Peg Spitzer,https://classie-evals.stonybrook.edu/Section/details/AAS/118/01/LEC/1158/91505,1,32,36,8,9,7,3,3,1,1,0,1,3,,,,1.45,0.73,,1.45,0.73,,I find that it the instructor for this course really want to help us open up to the unknown history and places in Asia. This course also helps clarify many myths centered around Asian culture through our own efforts to uncover these facts. The course also promotes research because many of the assignments are related to the student's finding and thoughts. I would recommend freshmen to take this course because it is a great way to experience a ideal college level class. | The constant rotation of countries that we were able to study. We experienced all different countries at one point in the semester which I really appreciated. | I found the group work setting very valuable in this class because it allowed for great communication and to meet others as well . | The most valuable aspect of this course was realizing how diverse Asia really is the connects we never realized to make. | the group work in the class gave us incentive to find the information and to dig deep within the given subject,"Just modified the syllabus to tell the student that there are both a Viewshare due as well as an in class assessment on the due day. I misunderstood the syllabus and did not notice the first in class assessment. I would do better if I understood it correctly and got prepared for the test. | Less group projects... even though I understand the value of group projects and why communication is going to be important in the bigger picture of life, it does become tedious when we have a group project almost every week and most of us struggle with meeting up with our group members. | I think it's fine how it is, learned a lot and really appreciated the Professors teachings. Really liked the group work, it helped with learning about teamwork and meeting new people. | Grading could be a bit lenient and the uestions on the exam should mostly match on what we have to study for it. Students should also be told clearly what they should be prepared for. | if the professor could hit slides more often throughout the semester i believe that it would be beneficial. i believe she did slides 3x max throughout the class",,,,
AAS118,AAS,118,01,Spring,2016,INTRODUCTION TO ASIAN STUDIES,Peg Spitzer,https://classie-evals.stonybrook.edu/Section/details/AAS/118/01/LEC/1164/51587,1,33,37,8,4,5,4,4,5,0,1,1,5,,,,1.65,0.77,,1.65,0.77,,"The format of the course is really awesome--mainly in the presence of biweekly units with different group members and also the viewshare project. I think the combination of the two really brought me back to the ideas that were being discussed in class and made me think of Asia and what it means to me personally, and trying to rationalize the modern world in Asia. I think the course actually made me research things I would never have otherwise just by the sheer amount of knowledge and interesting points of departure for thought that Prof. Christoff offered her students. She really pushes her students to engage with others as well and I found that extremely valuable and rewarding. | the teacher is so kind, nice, and willing to help any of students in the outside of the class. Ans she is also a creative teacher I think because she uses the Viewshare as a way to understand the Asian culture. I like her very much. But her tests are so hard, and if you are lazy, don't take this class. But this class help me to better know the Asia culture. | I think Prof Christoff is a very great prof, and i learned a lot from oner class like note taking, and i also overcome the challenge of making a presentation in the public. | I'm not really sure. Everything was broad and group based. I guess group skills ? But barely because most people made me do all the work | This course offered a lot of broad, yet thought-provoking information about various countries in Asia.","Less group work and more teaching. It's nice to meet new people in class but I didn't feel like I effectively learned anything in the course. It was also too hard to hear some of my fellow classmates which made it difficult for note taking. The exams were a bit difficult and the styles changed a lot throughout, a warning of how the exams will be conducted would have been nice. I wish the group work was individually graded because a lot of the time I did most of the work, especially for one group I did the whole project because the group members never contacted me back. The View share project is a lot. It is hard to come up with selections and then say why they are meaningful to oneself, especially for older artifacts. | While each module involved group work, I wish we could have been graded based off of individual work within those groups as well. Many group members never showed up, or did any work at all. Also, I wish there were fewer presentations, especially in the beginning of the class, because many of the international students were visibly uncomfortable and stressed. | Change up group dynamic... My groups always had missing people who refused to meet up after class. I ended up spending so many hours struggling alone on 'group' projects. 

The teacher is vague... Her lectures started our decent but then became so jumbled and unnecessary. She likes to waste time with 'trial' presentations no one takes seriously... | Not as much emphasis on group projects. Unfair for students who always show up to class and do as much as the can while freeriders just mooch off the group (very common occurrence). | This course could be improved by having more lectures where you learn something in order to have enough knowledge to do the in class assignments.",,,,
AAS118,AAS,118,01,Fall,2016,INTRODUCTION TO ASIAN STUDIES,Peg Spitzer,https://classie-evals.stonybrook.edu/Section/details/AAS/118/01/LEC/1168/90932,1,34,37,7,4,9,2,9,1,3,1,1,0,,,,1.43,0.57,,1.43,0.57,,"I was able to expand upon my knowledge of Asian culture, and even decided to minor in Japanese Studies as a result of this new found knowledge :) There was a lot of work required on the student's part, however, I think it was definitely worth it, I learned so much! | It was interesting to learn about Asian society and how cultures are constantly interconnected with each other. | Group excersises where intresting and taught a lot. Learned about many places I dident know much about. | The opportunity to work with students from very different backgrounds in learning the course material. | Being able to absorb and learn. You're not too pressured into memorizing material.","I found it quite challenging to balance the work from the modules as well as work for the Viewshare platform. Having one day out of class time to work on Viewshare could be very beneficial. After speaking with several students, it seemed that a majority of them were still very confused with the Viewshare site. It would be very helpful if a collaboration day could be implemented into the weeks where the students do modules. The collaboration day could help students who are stuck with Viewshare basics, and also allow each student to talk in groups about what artifacts they are doing. It will also allow for inspiration for those who do not know what to research about. | There where a lot of group projects where others wouldn't do any work. Posibly adding a what did each person contribute or help with kind of sheet would keep groups from dumping the work on one person. | Maybe need more knowledge on some topics and need to not talk about only China. | I liked the course the way it was. | More time for the group projects",,,,
AAS118,AAS,118,01,Fall,2017,INTRODUCTION TO ASIAN STUDIES,Peg Spitzer,https://classie-evals.stonybrook.edu/Section/details/AAS/118/01/LEC/1178/88041,1,35,35,10,12,5,2,3,1,1,1,0,0,,,,1.65,1.23,1.0,1.65,1.23,1.0,"This class was very hands on. Our assignments had guidelines but when it came to the big project were working on all semester it gave us a lot of freedom to look into the things we like most about Asia. I learn a lot about things I already thought I knew. At the end of the semester I had 20 pages of research on my favorite things about Asia. I was impressed by the work I was able to produce. It confirmed my desires to be an AAS major. | I learned a lot from this class. It was very unconventional, but I liked that a lot. It wasn't just us listening to lectures, and it was a lot of hands-on learning. I think a lot of people who take this course may be greatly surprised to find that they can't just study the textbook to ace an exam, because participation and group work is such as big chunk of the course. I really appreciated that | I think it was valuable to look at Asia as a whole and continually look at different countries to try and get a better understanding of life across the continent. Also, Peggy Christoff is a very kind and understanding professor and really strives to help the students whenever questions arose. | Learning about different countries in Asia, not only China, Korea, and Japan | It helps the students understand different cultures which in some form helps","The structure of the class seemed generally disorganized; almost all of the module assignments were changed on the fly and there was almost always confusion on both the part of the students and professor Christoff. The class structure should be more streamlined. Additionally, lectures were often long, drawn out, and jumped to several different topics. The class would be easier to comprehend if lectures were shorter, stuck more to one topic at a time, and had more engagement on the part of the students. Also, the viewshare assignments being due at the same time as an approaching exam made studying for exams very difficult, and it created a lot of confusion as to what was required for viewshare and what was required for a module/class/tests. As a whole, the viewshare assignment should be removed from the course. I learned little about cultures of Asia as a whole after doing it, and the whole process of doing it was a stressful, disorganized cluster of a task that just made exams that much harder to understand.Separating the due dates would have helped a lot. | It got really overwhelming at times. When group presentations, website paragraphs, AND a test was all the same week, it was a little painful. Maybe space out some of the work? Some of the group work was really hard...especially since it required me to basically try to meet with people every week, and I work & am involved on campus & taking 21 credits. Sometimes, it's kind of impossible to meet. | I hated how I paid $27 for a clicker that we used TWICE. Even though Professor Christof was promising us that she will use it a lot for quizzes and attendance. Also, most of the students responded saying they don't have a clicker and they didn't want to buy one, but she just ignored her student. Also, the use of Viewshare is really useless, we could've just sent in some paragraphs. | Honestly, this class was way too dynamic. Every week there was some new task we had to do with a new country and new group mates. There was no solid lecture administered by the professor herself and it was really frustrating to not receive basic information when I signed up for an intro course. All in all, it was too abstract. Plain and simple. | Professor Christoff is very knowledgable about China, however a lot of information on Japan and Korea seemed misinformed and even unintentionally promoted incorrect stereotypes. I would recommend for her to look more into the countries aside from China.",,,,
AAS118,AAS,118,01,Spring,2018,INTRODUCTION TO ASIAN STUDIES,Gregory Ruf,https://classie-evals.stonybrook.edu/Section/details/AAS/118/01/LEC/1184/48157,1,36,40,17,9,4,3,1,1,2,1,0,2,,,,1.39,0.68,,1.39,0.68,,"I found the professor to be so valuable to this course. He's a very enthusiastic guy, you can tell he loves what he teaches, and I wish I had paid more attention to the reading material because the core of the discussions during class revolve around the assigned readings he gives us. Other than that, his exams and quizzes are fairly easy as long as you pay attention during class and read the material. Overall, good professor, good course, wish I spent invested more time in it. | The course helped me learn more about my Asian culture as well as other cultures in the world. We also had to do an interview and I felt like it got me out of our comfort zone. We also worked in groups which was nice because it was different from being in a lecture and I was able to make new friends through it which is difficult to do in college. | The teacher is enthusiastic about course material and has a good relationship with his students. He is approachable and has a positive attitude with regards to teaching and guiding students. He makes an effort to accommodate students and their needs and is efficient at handling any questions or even just stressed out students - like me. | I was able to learn more about Asia in a way that didn't put such a heavy workload on me. I was able to balance my workload and do well in this course because it wasn't too tough. Ruf is very understanding and accommodating to the class' needs, and has changed things around several times in order to help us do better. | I've learned lots of knowledge about Asian including culture, history, and landforms which are helpful when I travel to Asian countries in the future.","1. The course's content is really complex, which is hard to memorize all the materials. The introduction and explanation of each Asian topic is limited, making students confused.Well organizing the content and dividing into each class effectively are essential in this course. 2. The class is boring sometimes. Most of the time, the professor is talking about the material, and students' response is not very active. As a second language learner, it is hard to follow the class when the professor only speaks without any tool, such as ppt. Displaying related pictures and playing videos really helps students memorize a bunch of terms and make the class more interesting. If the professor can show something interesting to students, students can focus on the course instead of doing their own business. | The course felt a little unbalanced. At the beginning, we did a lot of group work and were also assigned 'busy work' like scavenger hunts. But the second half of the semester, we focused on learning about the histories and cultures of specific countries in Asia. I would rather the course just be focused on learning about Asian countries. Doing this might also let the course cover other countries more in depth, like those in Southeast Asia, which I feel should be included in an Intro to Asian Studies course.
Also, I know Japan was not the professor's area of expertise, but please learn how to correctly pronounce/spell Japanese names and words before teaching a unit on it. | Spend less time on AAS department/faculty research. I understand it is important to know what resources are available to us, but this should only take up a class at most. We ran out of time at the end of the semester and were unable to go into more depth about the actual class material, and spending less time on the AAS department/faculty information would have prevented this issue. | The course was not spaced out enough. We spent most of the semester learning about Stony Brook rather than the major countries of Asia. A lot of the syllabus was cut from the course. Group work was too much as the professor had us in so many groups it was hard to remember which group fro which project you were in. | The class is too boring. Before I enrolled in this course, I thought this course should be interesting and fun, but it was boring. I had to keep myself 100% focus on professor so that I will not leave early. Actually, professor can make his speech more interesting.",,,,
AAS201,AAS,201,01,Fall,2015,INTRO TO CIV OF INDIAN SUBCONT,S.N. Sridhar,https://classie-evals.stonybrook.edu/Section/details/AAS/201/01/LEC/1158/82877,1,37,50,15,7,9,4,5,5,1,0,0,4,,,,1.36,1.35,1.0,1.36,1.35,1.0,"actually nothing was valuable at all, the teacher is just horrible at teaching, and never explain clearly. I had no f****** idea what he is talking about and he won't answer any of my question or call or email. | The teacher was very passionate about the subject and he made it somewhat enjoyable and amusing to learn even though I'm not interested in the slight about the topic. | I learned a lot of things that even I did not know about India. Found out how many people actually take pride or praise India as a country. | Your charisma was cool. You clearly are enthusiastic about teaching. The topics were well picked. Most of the topics were well explained. | I have more knowledge about how important the Indian Subcontinent is to the world as a whole.","Structure of lectures and content for segment of class, which talked about Vedic texts and Upanishads and basically all explanations of Hinduism were very strangely structured. Hard to follow, especially with excess of tangents. Strangely, you had no problems with teaching any of the other religions. For Buddhism and Jaimism, structure was fairly good. But again, i say 'fairly good,' rather than 'good' because of the excess tangents.

I understand you are enthusiastic about teaching us and want us to know more, but the problem is that we really only had your lectures to really learn from. The textbook was very useless, as you have already acknowledged. Use of online search tools like google was risky because the information on websites is unreliable, unless the students spent considerable time combing through the websites to find reliable information. So you see, we really do rely on your lectures, quizes and lecture notes for good information. And when you go on tangents, it makes it trickier.

Basically, this entire complaint boils down to problem with organization on some topics (mostly concepts regarding Hinduism) combined with tangents. Honestly the tangents would not be a problem, really, if it weren't for the organization. | Subject matter that was tested on wasn't explicitly covered in class. Provided slides were just random bullet points with no supporting details. The text didn't provide sufficient information on what we were tested on. The people who already knew about Indian history from the start had a huge advantage. I think more assignments that would count toward the grade and lower the impact of exams would both help out students who aren't good at tests, as well as provide a medium of critically thinking about the material at one's own pace. 

Extra credit was unfair, as they were bonus lectures that were at a time I couldn't make, giving me a distinct disadvantage in a curved course for reasons beyond my control. Offer a choice between extra credit written assignments and attending bonus lectures to at least make it fair. | The professor teaches the course as if everybody in the class is Indian/an Indian studies major/Indian language major.  Decided at the end of the course to say the reason he didnt use the textbook that we were required to buy was because he didn't really like the way it was written therefore not justifying the need for us to buy it as it was not used.  Lecture material had no helpful information on it, mostly just pictures  with no context. | The class notes are very unorganize. Please use the powerpoints. The powerpoints were also very unorganize.  It difficult to students without the language background to understand, especially without enough of understandable notes. 
 Group review are not very helpful because the research people done may not be relevant to the exam. | Go into more detail about certain events. I felt like we talked about a lot of things but I really didn't learn anything because it was so brief.",3,GLO,,
AAS201,AAS,201,01,Spring,2017,INTRO TO CIV OF INDIAN SUBCONT,S.N. Sridhar,https://classie-evals.stonybrook.edu/Section/details/AAS/201/01/LEC/1174/56073,1,38,70,13,9,20,14,7,2,3,2,0,0,,,,1.47,1.05,1.0,1.47,1.05,1.0,"I liked learning about the culture of India and how things from thousands of years ago are still impacting Indians even today. For instance, the Vedas are still used today despite being written thousands of years ago. I took an Indian mythology class before this and it was interesting to learnin about the different myths that Indians have, but we never really dealt with the impacts it had on the civilization. This course did that though. The TA review session was very helpful and the extra credit was also good. | The Professor is very knowledgeable not only about India, but also world history and life topics. I enjoy listening to his lectures. It helped me to become more open minded about some of the most known concepts in India. | The instructor is very well spoken and definitely knows what he is talking about. Very kind and passionate about what he teaches power points were great to go through and reading was enriching | The Instructor was well educated, and he was very eager for all the topic to teach. And the professor very helpful to answer any questions we had inside and outside the class. | THE VAST AMOUNT OF INFORMATION WE LEARNED ABOUT INDIA AND HISTORY. IT WAS AMAZING TO LEARN SPECIFIC DETAILS AND EMPIRES WITHIN THE INDIAN SUBCONTINENT.","A more organized schedule of the chapters needed to be read before class. The professor doesn't go over everything that will be on the exam so you have to read the chapters. There are no review sessions or a list of the things we need to know for the test except for the final. He expects us to read 30-40 page chapters and doesn't tell us until a day or two right before class. They syllabus schedule doesn't include the chapter we need to read. IF you have no prior knowledge of india its going to be hard, not an easy dec but he makes it doable by providing a lot of extra credit and a project paper. | Improve the flow of lectures and clarify expectations of students on exams/quizzes.  There is a lot of material that was required and the tests seemed to pull very specific questions on a vast amount of material. Very hard to know all of the material in great detail as there was no direction as to what was important or not important. | His exams are very long, and the time given is too short. Not only me, but most of my classmates think that either the exams needs to have less questions, or more time needed to be given to us. Other then that this course was really good. And me being an Indian I learned a lot of things from this course and the professor as well. | I strongly disliked the pop quizzes and I wish the class was recorded. There is a lot of information and very difficult to take notes on everything. Also the exams are very hard. Some material that are on the exam isn't even taught yet. The textbook was not very helpful. | Review what will be on the tests or put a review sheet up I feel i always studied all the wrong things and don't know my grade due to that and especially since we go through a lot of subjects and materials within the week it makes the tests difficult",3,GLO,,
AAS201,AAS,201,01,Fall,2017,INTRO TO CIV OF INDIAN SUBCONT,S.N. Sridhar,https://classie-evals.stonybrook.edu/Section/details/AAS/201/01/LEC/1178/94615,1,39,37,10,11,6,3,1,0,4,2,0,0,,,,1.19,1.08,1.0,1.19,1.08,1.0,"Learning about the importance of India on a global scale was very eye-opening. I found it valuable that we covered many different facets of India, such as everyday life, customs, history, economy, geography, language, etc. | Prof. Sridhar has vast knowledge and personal insight in Regards to India. I knew India was cultural but I didn’t know so much about the different cultures and languages and how harmonious it all works together. | I enjoyed learning about my country in a more detailed way. We focused on languages, history, and culture in depth. The professor was also caring about the students and wanted us to succeed. | I felt connected to the world around me because I was learning something that I had never learned about before. I felt more well rounded and knowledgable. | Have the chance to learn about soemthing I knew so little about and truly enjoying it, promoted me to taking another class next semester like this.","There are no textbooks, reading, or general structure to the class. Your grade depends on how much you see the professor and how much extra credit you do. You can pay all the attention you can in class but you won't do well on the exams. There's no textbook to supplement the lectures and the slides are totally unhelpful. For example, you would need to know all about a concept but in the slides, there is only one bullet point about that concept and nothing written about it. Basically, the only material you have for the class is the lecture, which also hard to follow. The professor is really kind and understanding, but the lack of structure in the class makes it extremely difficult to achieve an A no matter how much attention you pay. I am personally terrible at taking lecture notes. But if you have amazing retention from listening then go ahead, take this class. If you have time for every extra credit lecture, take it. It is reasonable to expect to be able to put your full effort forward in a class and expect your exam results to reap that, but in this course that is not possible. The grade just isn't based on any kind of merit. I paid attention in every single lecture, went to every single class, took as many notes as possible, but still this class will keep me from getting the 4.0 I wanted and needed this semester. | Honestly, he is a sweet old man who is very passionate, but he is not the easiest teacher to learn from. He is a 'digresser' and didn't supply ample information on the slides to make up for that. The midterm had questions that he didn't discuss enough or at all. If you have no background of Indian culture this course is confusing. He talks to us as though we all already have the basic understand of the languages as well as cultural norms. However, I do believe that he would be a wonderful teacher for those who already have a least some concept of the Indian Civilization. | If the professor did not go on tangents. I felt like a lot of material was always left uncovered/unfinished and we were expected to know it anyway. On top of that, on our midterm there were questions that we did not know because it wasn't covered in class and wasn't on the power points. Also, there were questions that I felt only Indian students could know the answer to. Either teach everyone the same material so all students can be on the same page, or don't include questions that would put others at a disadvantage. | Much better preparation for exams is needed- the exams don't test what is taught in class at all which is why the median for the course is so low. Im surprised this hasn't been improved on as it's the number one complaint i heard of when signing up for this course. Also maybe the exams should be shorter. Considering the course is mainly lectures, maybe consider moving the grading to project based or group tests? | The format of the exam should be consistent to what is said. The powerpoints should be more organized focus more on the important detail. Overall lectures need to be organized as well. A structure should institutionalized. Letting students know what the exams will focus more on. Also what is expected in projects and essay should be said",3,GLO,,
AAS201,AAS,201,01,Fall,2018,INTRO TO CIV OF INDIAN SUBCONT,S.N. Sridhar,https://classie-evals.stonybrook.edu/Section/details/AAS/201/01/LEC/1188/89014,1,40,84,23,13,25,15,0,6,2,0,0,0,,,,1.54,1.27,1.0,1.54,1.27,1.0,"I first took this course because of SBC requirement but I got addicted this course because of Hinduism and Upanishads and the stories. Hinduism captured my interest because of concept of multiple Gods. I enjoyed that what I truly wanted in a religion actually existed. Hinduism is very addictive to me. I love the idea of inclusiveness of the religion. Upanishads were extremely valuable to me because of the philosophy and the stories about it. I loved the story about Nachiketa and Yama, the God of Death in Katha Upanishads. It is exquisite and truly original. I have not heard another story like that in my whole life. I also loved Ratha Kalpana. It is a 'Chariot Image', or in layman's term, chariot analogy. It is about relationship between senses, mind, and one's self. Truly original, it is one of the most valuable lessons in my life and I am grateful to Professor Sridhar to that. | The course itself is valuable in the essence that it teaches about many economic, political, and social/cultural aspects of India and its surrounding continent, which I was not very well versed in and had little to no prior knowledge of. It opened up a little window of knowledge to the story of India. | The course taught me a lot about Indian History, and it often gave multiple viewpoints about controversial topics, which I thought was very admirable and also made me more engaged in the things being discussed in class. | The professor of this course was effective in teaching the subject matter, and homework assignments were typically light and not given very frequently. | Learning about India, why it is so important. Discovering the many fascinating aspects of India's history, culture, and philosophy, and literature.","The course could be improved in a multitude of ways- mainly with how the professor goes about teaching it. He/she should have more availability with office hours, be ACTIVELY responsive to emails (as students will have various concerns that they may not be able to vocalize in person at a specific time, or even just quick questions that take very little time to get back to). Students take their time out to write an email to professors, professors should at least do the same. He/she should also have an organized way of teaching the course material; his lectures were disorganized and hard to follow. Professor Sridhar would jump from a topic to an unrelated topic and not keep in order with his PowerPoints when teaching, many times would go off on a tangent. His BlackBoard was also a bit disorganized; professors should also be able to know how to use a computer properly and know how to upload documents in an organized fashion and timely manner. This was an issue in the beginning of the semester. | The professor posts tons of powerpoints on Blackboard but does not use the majority of them in class. He asks for assignments based on readings/videos and then does not grade them. The review sheets for midterms/the final are not helpful as they are full of dozens of terms and the professor calls it an 'incomplete list' of things you should know, and then says that all the things on the list might not even be on the exams. It would be more helpful for the students and the professor if he would be more straight forward about the material and what is expected to be known for the exam. | The professor was very eager to teach the class, but the level of eagerness wasn't the same as willingness to have responsibility of keeping the organization of the class such as assignments, tests, and the communication between the mentor-student. If the professor could be a bit more organized and on top of their duty like nearly all students were, then maybe the students' attention rate would be much higher. | Professor Sridhar's exams would ask questions not answered during the lectures and readings.  My class average was about 50-60%, which is very concerning.  I do not believe out of 100 or 200 students, the majority failed the midterm due to a lack of preparation.  He also would not give us enough time to complete quizzes.  I remember my class rushing to finish the questions in the allotted time | Professor Sridhar is really passionate about the course which makes it very interesting, but he tends to get off topic quite often which leads to a lot of supplementary information that gets muddled in with the information that we are actually to be tested on. The class could definitely use some more definite structure.",3,GLO,,
AAS201,AAS,201,01,Fall,2019,INTRO TO CIV OF INDIAN SUBCONT,S.N. Sridhar,https://classie-evals.stonybrook.edu/Section/details/AAS/201/01/LEC/1198/87821,1,41,81,26,13,18,13,6,0,4,0,1,0,,,,1.3,1.07,1.0,1.3,1.07,1.0,"Professor Sridhar is an amazing professor who is very knowledgeable and passionate about what he teaches. He's been doing it for many years and you can tell by the way he speaks in lecture. Unfortunately, while he teaches the content well the quizzes and midterms are unreasonably difficult and cause a lot of frustration. Averages are pretty low, but honestly, i came to realize it wasn't bad at all when he offers well over 10 points of extra credit to your GPA, a whole letter grade, sometimes two if you're on the border. On top of this the course is heavily curved at the end after all grades are in and everyone ends up doing pretty well. So as long as you take notes and come to lectures, should be a easy B, if not an easy A. | I think, in general, Americans lack knowledge of the East Asia and South Asia unless they are directly linked to it somehow. In my high school Social Studies classes, I only learned about India with its relation to China in terms of its religions and in relation to Britain with the British East India Company. This course gave me a deeper understanding of South Asia as its own independent entity. | The professor was passionate and educated upon many facets of the Indian sub-continent. This breadth of knowledge lead to many tangents about India that enabled for a comprehensive understanding of various Indian institutions, ideas, and historical points. | You MUST attend class because a lot of the info on quizzes comes from lecture rather than the book | Learning about the major Indian civilizations and background history of ancient India.","This course is a waste of time. The content is not structured at all. One day we discuss random parts o Indian History, other days we discuss the Bhagavad Gita, other days we discuss minority ethnic groups in South Asia. While these are all interesting and important topics, there is no order to it, which makes it confusing. I feel like we only briefly covered important parts of Indian history that I would have liked to have a better understanding of. In addition, we covered these topics out of order, so that I was unable to see the natural progression and learn more effectively how these events build on each other. The lectures themselves are often dry and it is hard to stay focused.We hardly go into detail on the topics we do cover. I am learning more about India, its culture and history, in my Hinduism class, which teaches me those things while also teaching me a great deal more about the beliefs and sacred texts of Hinduism. Both classes meet for the same amount of time each week, and are both 200 level classes, so something is clearly wrong here. Thank you. | I think Professor Sridhar is a wonderfully passionate and knowledgeable teacher. I really enjoyed his course. My only recommendation would be in terms of his organization and time management, I think he could be a bit more focused and disciplined. It seemed the syllabus and some power points were recycled from past material and were in need of being updated. I wish we had been able to cover all the syllabus had intended for us to, especially the arts of India as I was looking forward to learning about them. Sometimes it seemed that the professor became so excited about a certain topic that he would spend extra time that we did not have to go into more detail on it. In some instances, I really enjoyed this in-depth approach, but I think it would be useful to weigh the cost of how going deeper into certain subjects will hold us back from covering certain other subjects at all. Overall, I really enjoyed the class and would take it again in a heartbeat. | Professor Sridhar is a nice person but I believe that the way he teaches isn't very effective. He seems to know a lot regarding Indian history and its background, but I personally had some difficulty with grasping the main concept of topic that he explained during the lecture. This course could be more interesting if he doesn't just talk about what we're suppose to know but rather have all the important stuff in Power Points or written down. | The course did not feel regimented in its actual coursework. The lectures tended to branch out from their original intentions and equally did not follow the slides that were offered. These digressions made the content difficult to study and was compounded by the lack of real review or insight to the content that would be on quizzes or tests. The slides themselves were also relatively hollow, being short points that did not say much. | Don't include a project with such a large group as it is very difficult to get in contact with groupmates in a lecture class. Use a more effective textbook. Don't quiz students on specific quotes and comparisons from the textbook, but instead on main ideas and details regarding the material",3,GLO,,
AAS201,AAS,201,01,Fall,2020,INTRO TO CIV OF INDIAN SUBCONT,S.N. Sridhar,https://classie-evals.stonybrook.edu/Section/details/AAS/201/01/LEC/1208/87587,1,42,68,24,9,13,22,0,0,0,0,0,0,,,,1.46,0.56,,1.46,0.56,,"I learned a lot about other cultures and I really enjoyed how knowledgeable the professor was. He could talk about situations in detail because he was talking about something he was passionate about. He is also very kind to his students which made me want to learn more. | Professor Sridhar is a leading authority in Indian Studies and should be treasured as such. His wealth of knowledge and depth of understanding in the field is unmatched and as such, is a valuable asset to Stony Brook, and the world in general. | One of the best professors I have had at Stony Brook!!! The lectures were very interesting and useful on the exams. Professor is also very accommodating and actually listens to his students. | Professor Sridhar's lectures were valuable as he knows a great deal about this subject. He fills in power points with stories and details. His lecture telling is very fun to listen to. | I liked learning about the history and culture of India because it gave me more understanding of where I was from.","I think the professor should give homeworks and readings because they would help grasp the context a lot more. It was also hard for me to understand certain words because they were in the Indian language, so I think he should have typed them or spelled it out. | If the Professor can put a proper grading rubric in the syllabus. However, it is our first semester online, so I am sure it was just the confusion we all had with adjusting. | If the lectures and Powerpoints had a more seamless connection to the textbook, I think it would be better as a second source of information. | Powerpoints! It is hard to follow when the Professor sometimes lectures without the use of powerpoints. | The course can be better if there were TA's that could have helped the professor with the work load.",3,GLO,,
AAS201,AAS,201,01,Fall,2021,INTRO TO CIV OF INDIAN SUBCONT,S.N. Sridhar,https://classie-evals.stonybrook.edu/Section/details/AAS/201/01/LEC/1218/88017,1,43,60,19,16,6,11,3,5,0,0,0,0,,,,1.38,1.05,1.0,1.38,1.05,1.0,"I learned a lot through this course. Professor Sridhar is very knowledgable and you can tell that he is very passionate about what he is teaching. I was able to learn so much during each of his classes. Professor also gives many opportunities for extra credit that I would definitely recommend making use of. Overall, it was a very enjoyable course. | I found learning new and interesting facts about India, its history and its culture to be the most valuable part of the course, because it taught me of how India is as a country and how it grew to the become the great country it is today. | What I found most valuable about this course was the in depth knowledge Professor Sridhar had about each topic that was discussed. | I thought that often the instructor included very interesting information in his lectures. | The course tries to cover ALL of the Indian subcontinent.","This course needs clearer goals and less material crammed into a semester. It was an ambitious goal but there is a literal change in the way you learn that happens in the first few weeks because of the meaning behind evey facet of what you learn about India. Its not just foreign words, its foreign for most to digest the literal, cultural, lingustical, theological and metaphorical meaning behind each fact you are learning. Then you have to compare that fact with its reference within India based off of which sub-category it comes from in terms of language or cultural identity. | I think that the professor needs to understand that post Covid a lot of people haven’t taken in person exams for him to not give us any homework or schoolwork to do and only give us one midterm and one final the whole semester is extremely difficult especially for people who have not taken an in person exam for almost 2 years so I think he could’ve done a better job of teaching us and helping us succeed. | His review sessions could go more in depth into what the questions will ask. We go into exams not knowing the format or how questions will be worded and it kind of throws you off in the first exam because it goes so much more in depth than what you expect it to be. I recommend doing ALL the extra credit and going to ALL lectures and taking A LOT of in depth notes. | This course could be improved by following a better plan for lectures. I feel as though we heard about many details that were not later important for tests and were tested on things we did not hear about in class. | I wish the course document on Blackboard could be more organized and have a standard format/layout. It is hard for me to find the material I need.",3,GLO,,
AAS201,AAS,201,01,Fall,2022,INTRO TO CIV OF INDIAN SUBCONT,S.N. Sridhar,https://classie-evals.stonybrook.edu/Section/details/AAS/201/01/LEC/1228/87539,1,44,24,11,4,4,5,0,0,0,0,0,0,,,,,0.49,,,0.49,,Learning about a new culture,No answer,3,GLO,,
AAS201,AAS,201,01,Spring,2024,INTRO TO CIV OF INDIAN SUBCONT,S.N. Sridhar,https://classie-evals.stonybrook.edu/Section/details/AAS/201/01/LEC/1244/56790,1,45,30,9,8,4,5,3,1,0,0,0,0,,,,,0.71,,,0.71,,"The interest with which the professor taught the course encouraged me to pay attention as well, leading to a more engaging atmosphere in the class. | The texbook and also the notes I took while listening in class | Learned something new","You had to have knowledge from both slides and textbook reading which is a lot to handle. If you only studied off slides or only studied off textbook you get a 50/100 literally. Extra credit provided worth 10 points. Prof slow with emails and does not know how brightspace works. He says he posts something either the file does not open or its not even on there. I ask him in person and through email said he will fix it, he never did. He likes to go off-topic ALOT. Its a morning class, hard to pay attention. I wouldnt take this class if I get to choose again. | If there were a way to see more replicas of artifacts as done with the Priest-King and the Dancing Girl, I think it would make the students more interested in interacting with the material and improve their understanding of it. | have recorded lectures since most stuff are said that are not in the slides",3,GLO,,
AAS201,AAS,201,01,Fall,2024,INTRO TO CIV OF INDIAN SUBCONT,S.N. Sridhar,https://classie-evals.stonybrook.edu/Section/details/AAS/201/01/LEC/1248/96396,1,46,41,17,6,9,7,0,2,0,0,0,0,,,,,1.29,1.0,,1.29,1.0,"Indian culture and heritage, rooted in one of the world&#8217;s oldest civilizations, is extraordinarily rich in knowledge, philosophy, spirituality, and wealth. Exploring its complex and advanced society from the past is both fascinating and deeply inspiring. | The professor was really passionate about the subject which made learning very interesting. I also like that the course offered an overview of Indian history which gave many opportunities to go into more specific studies/topics. | I appreciated the material, but the lack of organization of the professor really showed and the material was essentially worthless | I found the structure of the class to be the most important. I enjoyed the lecture stye of the course. | I did not find anything valuable about this course .","The course had great potential to be coherent, exciting and unfold like a captivating story, but the instructor fell short in delivering it that way.While he is extremely talented, well-mannered, and clearly knowledgeable, this depth was never fully realized in the lectures. Having taken history classes before with professors who brought stories to life, I found this class lacking in continuity.    The topics often veered off on too many tangents, abruptly jumping from one subject to another, disrupting the flow. Which is understandable since Indian history is so rich and with so many historical characters and events, a 3-credit course falls short to cover everything. However, the attempt to cram too much into a short time led to a shallow understanding of key incidents.  The course would have been more effective if it focused solely on ancient Indian history, providing deeper insights instead of attempting to cover both ancient and the recent past  in a single semester. Prioritizing quality over quantity is crucial, as the current approach felt rushed and fragmented, limiting a meaningful understanding of key events. While the instructor is clearly knowledgeable and talented, a more cohesive structure could enhance the learning experience. | Because there is so much information that needs to be covered over a very large period of time (from 3500 BCE to present day) it can be a bit overwhelming trying to cram everything into one semester. I think more organized lesson plans would be beneficial. I also think it would help if the information was delivered in more of a straightforward way. Learning about the Mahabharata was very interesting, but it became a bit overwhelming learning about multiple characters and storylines alongside other information. Essentially, a more streamline course would be helpful. | The professor needs to improve his organization skills so that studying the material is easier for the student, scrolling through hundreds of unimportant files only hinders the student from finding the important material, the lecture are unclear and lack captivation, i found the material very unhelpful when exams came around | This course needs a lot of improvement. I did not understand a lot of what was taught and the exam was too difficult and didn&#8217;t focus on what was taught in the class so the professor should be lenient with grades. | it will be helpful to be more interactive with the class. information given was interesting but it was presented in a boring way.",3,GLO,,
AAS209,AAS,209,01,Spring,2014,CLASSICAL DANCE: BHARATANATYAM,Malini Srinivasan,https://classie-evals.stonybrook.edu/Section/details/AAS/209/01/LEC/1144/46603,1,47,22,20,0,1,0,0,0,1,0,0,0,,,,1.6,0.0,,1.6,0.0,,"This was such a wonderful course and I could go on and on about how much fun I had. If I have to pick one, the most valuable thing for me in this course was how much I learned to control my body through the dance. I am a pretty uncoordinated so it was a bit of a struggle to become a practitioner of this dance form.

I am sad this course is over and I do not want my newfound knowledge of Bharatanatyam  to go to waste. It will be hard to find future opportunities to explore the dance, but I will try to seek these opportunities out. | I was able to get a better understanding of Bharatanatyam and the roots of its foundation. I really enjoyed the class a lot because Malini taught me tons more than I could have ever learned on my own. Taking this class was definitely the best decision I made in regards to developing my knowledge on this ancient dance form. If this class was taken outside of campus, it would have coast hundreds of dollars to get the same amount of time Malini provided students in class. | I enjoyed learning about important Indian cultures and mythology. It is not only a dance class but also an Indian history class involving important people that contributed greatly to the Bharatanatyam art. It has so much structure and discipline within the dance and also encourages you to feel the music. We learned many words in Sanskrit, for all I know I could have at least a small conversation with somebody in this language after taking this class. | Its a perfect combination of everything in it and Dr. Srinivasan possess an awesome way of unifying things for dancers from all levels to make it a great learning experience for them. | I really enjoyed the readings because we were able to get a lot of background on the history and theory aspects of the dance in addition to physical practice.","Perhaps teaching the final piece could be spread out more before we spent a few weeks learning the first half then learned the second, more difficult half in one class. Also, it would have been nice to have some more time in class to work with my group since we were the largest group and had members who needed a lot of help. We had to practice outside of class but because there were so many people in the group and some were commuters, we could not find a time when everyone was available. | I would love to see a more advanced version of this class to be provided in the upcoming years. There's a strong desire from many of my peers for a continuation because of the great experience throughout the course and their bharatnatyam background. | I heard rumors about a possible advanced Bharatanatyam Course. Please make this happen.

For the poem presentations, require students email their poem's music the night before. These classes did not go smoothly and a lot of time was wasted. | Time of this course is little bit difficult for many students to enroll in the class. It should be either morning or evening. There should be advanced class for some one who wants to learn more and to get to full potential. | I really think there should be an upper credit course offered for students who want to take the learning process further.",3,ARTS,,Any dance class
AAS209,AAS,209,01,Spring,2015,CLASSICAL DANCE: BHARATANATYAM,Malini Srinivasan,https://classie-evals.stonybrook.edu/Section/details/AAS/209/01/LEC/1154/46310,1,48,21,14,7,0,0,0,0,0,0,0,0,,,,1.42,0.0,,1.42,0.0,,"I find that practicing the moves even when you are not in the class can help you better improve on the dance pieces you will learn. Also reading the text she assigns you will help you better understand the meaning of Bharatanatyam. | I really enjoyed learning the bharatanatyam dance and being in a class with amazing classmates and a great teacher. I had such a fun time learning the dance and being in such an enjoyable environment. | I enjoyed the size of the class most. It made for a better relationship between students and the professor. | She knows your limits and helps you improve to break them. She is more than a teacher,  I love her. | The different cultural exposure she allowed us to have. She was a great teacher.",I think this class is good the way it is. | This course is already awesome. | I wouldn't change anything | it is the best class ever! | More individual tutoring,3,ARTS,,Any dance class
AAS209,AAS,209,01,Fall,2016,CLASSICAL DANCE: BHARATANATYAM,Malini Srinivasan,https://classie-evals.stonybrook.edu/Section/details/AAS/209/01/LEC/1168/94271,1,49,20,10,8,1,1,0,0,0,0,0,0,,,,1.31,0.24,,1.31,0.24,,"This course was truly great, I took away so much from this course. Professor Malini is by far the best professor I ever had the pleasure of been taught by. She opened me up to a new art form and culture, that I am so grateful I got to partake in. She made the course fun and interesting. The most valuable lesson I took from course is that a strong sense of belonging in a classroom makes for a light-hearted atmosphere, which she did so well. I feel as though this is a course that everyone should take, even just for fun because you will not be disappointed. 10/10 recommend to everyone! | I actually really appreciate that this course was offered in Stony Brook. Although the Bharatanatyam is indian classical dance, there was so much diversity in the class. I learned so much from this class with all the background information we learned on Bharatanatyam and Hinduism, dance routines, and yoga. | Malini is brilliant, she's very patient and cares for the well being of her students in a university where exams are more important than health and wellness. Her holistic approach to dance motivated me to improve myself more and work on my weaknesses while honing my strengths. | This course gave me an appreciation for dance that I did not have in the past. It allowed me to get back in touch with my culture and it was a fun way to exercise and de-stress every week. I learned so much in one semester and Malini Srinivasan is a wonderful professor. | Professor made the atmosphere very down to earth, I learned yoga. I made great connections with my peers. I can now call myself a dancer. Professor paid close attention to what improvements we needed.","It shouldn't be necessary for student to have to read about all the Indian mythology or if it is, it should be taught in a fun way. Also, we shouldn't be required to go to the city | The only suggestion I have is possibly a little more time in class to work on the final group dance assignment. | I would prefer the professor pay closer attention on basic steps in addition to sequence steps. | The grades of the assignments, presentations, practicals, etc should be put on blackboard. | Truthfully there is not one thing I would change about this course",3,ARTS,,Any dance class
ACC311,ACC,311,01,Spring,2021,FEDERAL INCOME TAXATION I,Charles Barragato,https://classie-evals.stonybrook.edu/Section/details/ACC/311/01/LEC/1214/56613,21,0,47,9,12,8,5,4,3,2,2,0,2,,,,1.73,0.5,,1.73,0.5,,"The powerpoints and his recorded lectures were so helpful and just simple.  It kept me from becoming overwhelmed by just reading the text. | The textbook was a great resource, and the homework assignments, while long, were very useful in helping to understand the material. | It is directly applicable to our lives. | textbook","Prof. Barragato said that only the material he covered in the last lecture (regarding chapters 13 and 14) would be on the final, but there ended up being at least 5 questions on material from those chapters that was not covered in lecture. I lost a considerable number of points on the final because of this. It should have been made much clearer what topics from those chapters we would need to know. In addition, while I'm not sure how others felt about this, the last two exams seemed unreasonably difficult given the grade cut-offs. | There was too much information to take in with too many very specific facts. It is very difficult to remember all of the information needed on the exams. | Nothing really.  Some of his test questions were more difficult than the ones given during HW but i think that's pretty standard. | Professor should be more thorough in explaining mathematical problems. Students shouldn’t have to teach it themselves. | I hope the instructor could be more responsive to emails",3,,BUS major or ACC minor,
ACC311,ACC,311,01,Summer,2021,FEDERAL INCOME TAXATION I,Charles Barragato,https://classie-evals.stonybrook.edu/Section/details/ACC/311/01/LEC/1216/65921,21,1,17,10,3,2,1,0,0,0,1,0,0,,,,2.5,0.0,,2.5,0.0,,,,3,,BUS major or ACC minor,
ACC311,ACC,311,01,Fall,2021,FEDERAL INCOME TAXATION I,Charles Barragato,https://classie-evals.stonybrook.edu/Section/details/ACC/311/01/LEC/1218/91868,21,2,52,11,11,12,7,5,3,1,1,1,0,,,,1.9,0.64,,1.9,0.64,,I really know a bunch of knowledge about the tax itself. The textbook is so important. | The course content was very easily applicable and helpful! | tax accounting,I hope the exam could be become easier and have fewer questions. Or we should have a more optional practice which is similar to exams. | The class time should be earlier than 8pm and grading instructions should be more clear in the syllabus,3,,BUS major or ACC minor,
ACC311,ACC,311,01,Spring,2022,FEDERAL INCOME TAXATION I,Charles Barragato,https://classie-evals.stonybrook.edu/Section/details/ACC/311/01/LEC/1224/54270,21,3,38,13,6,3,8,2,0,5,0,0,1,,,,2.1,1.2,1.0,2.1,1.2,1.0,"The eBook, homework, and study modules have helped me understand the material the most compared to the lectures. There is a lot of material to cover and understand which isn't surprising as the course covers federal income taxation. I just didn't realize how much there is to learn. I often spend more than a few hours reading the eBook to understand it all. I strongly advise those who want to attend this course that you will be spending a lot of your free time reading and studying reading the eBook to do well on the exams. This is especially true for exams 2 & 3 as they are more calculation based than conceptual. This is including the fact all exams are open book. | I think the content of this class has been very interesting. I find myself to be a person who takes pride in knowing about rules and policies, and this class taught me just that","The lecture can definitely be improve on as they are, to me, the least interesting part of the course. While Professor Barragato provide valuable information and insight on the course material, I often struggle to listen because to me, they are boring. Yet, when it comes to learning the same material from the eBook, I find it interesting and want to learn more about it. It seems the Professor's lecturing style might be the reason why I find his lectures a slog to go through.

My advice for Professor Barragato is incorporate more student engagement into his lectures as that can make more interesting to listen to. It would require the class to listen to the lectures more as they, for example, can be called upon to answer questions about what was just covered. My Professor from BUS 346 does this and it helps me understand the material more especially when I am confuse about a particular topic or concept. | While the study modules before exams were extremely helpful in reinforcing the concepts of this course, when the exams came, I felt quite lost, as most of the questions involved calculating. I feel like it would be more helpful if there were more calculating-based questions available for practice. The ones in the textbook have no answer keys, therefore I have no way of checking to see if I solved them correctly",3,,BUS major or ACC minor,
ACC311,ACC,311,01,Summer,2022,FEDERAL INCOME TAXATION I,Ronald Stunda,https://classie-evals.stonybrook.edu/Section/details/ACC/311/01/LEC/1226/61909,21,4,26,21,3,1,1,0,0,0,0,0,0,,,,3.0,0.43,,3.0,0.43,,"The course is very helpful in understanding federal tax applications in the corporate environment. It also helps me to understand how to file my annual tax returns and how to avoid payment of tax penalty.
I also gain adequate knowledge on how to use judicial process in handling tax dispute. | Dr. Stunda really makes learning interesting and helps prepare you for a future in accounting | This course was valuable as it taught me more about how taxation works. | Nothing","The course has been perfectly handled and textbook provided is very detailed with simplified exercises related to work environment that help to understand the practical aspect of the federal taxation.

However, I wish the course should be handled during long semester period so that more chapters could be covered to gain more useful knowledge in other chapters which have not been covered because of limited time/ period. | I didn’t like that there were no recorded lectures. The professor basically just posted all the PowerPoints at the start of the semester and we had a quiz/homework assignment on each chapter and a weekly discussion. It was a very self taught class. | I think it was great as is. | I am not sure.",3,,BUS major or ACC minor,
ACC311,ACC,311,01,Fall,2022,FEDERAL INCOME TAXATION I,Charles Barragato,https://classie-evals.stonybrook.edu/Section/details/ACC/311/01/LEC/1228/91241,21,5,55,14,12,10,13,3,1,2,0,0,0,,,,,0.63,,,0.63,,One of the best professors at Stony Brook. Extremely informed regarding tax laws and other relevant information. Use of real life experiences helps learner understand the content being taught. Really great course! | Professor Barragato did a great job at making tax less confusing. His examples made lessons easier to understand. I learned a lot about taxes which I had no idea about prior to taking the course. | Lectures were really helpful in understanding the material.,"Tests were difficult, going over practice problems in class could help!",3,,BUS major or ACC minor,
ACC311,ACC,311,01,Spring,2023,FEDERAL INCOME TAXATION I,Charles Barragato,https://classie-evals.stonybrook.edu/Section/details/ACC/311/01/LEC/1234/53477,21,6,36,13,12,3,3,0,3,0,0,2,0,,,,,0.47,,,0.47,,,,3,,BUS major or ACC minor,
